TeacherID,CourseID,Enrollments,TeacherName,Age,Gender,Expertise,YearsOfExperience,TeacherRating,CourseName,CourseCategory,CourseType,CourseLevel,CoursePrice,CourseDuration,CourseRating,InExpertise
TC00001,CR00005,1,Leonard Montgomery,44,Female,Cybersecurity,6,3.24,Full Stack Development,Programming,Free,Beginner,0.0,28.68,1.28,False
TC00001,CR00006,1,Leonard Montgomery,44,Female,Cybersecurity,6,3.24,Graphic Design Basics,Design,Paid,Advanced,276.37,48.84,2.72,False
TC00001,CR00009,1,Leonard Montgomery,44,Female,Cybersecurity,6,3.24,Web Design Fundamentals,Design,Free,Beginner,0.0,48.19,4.51,False
TC00001,CR00010,1,Leonard Montgomery,44,Female,Cybersecurity,6,3.24,3D Modeling,Design,Free,Advanced,0.0,15.29,4.45,False
TC00001,CR00016,1,Leonard Montgomery,44,Female,Cybersecurity,6,3.24,Digital Marketing,Marketing,Free,Intermediate,0.0,42.68,4.72,False
TC00001,CR00017,1,Leonard Montgomery,44,Female,Cybersecurity,6,3.24,SEO Mastery,Marketing,Free,Advanced,0.0,29.37,4.79,False
TC00001,CR00019,1,Leonard Montgomery,44,Female,Cybersecurity,6,3.24,Content Marketing,Marketing,Free,Advanced,0.0,18.0,2.98,False
TC00001,CR00020,1,Leonard Montgomery,44,Female,Cybersecurity,6,3.24,Email Marketing,Marketing,Free,Intermediate,0.0,46.25,4.11,False
TC00001,CR00031,5,Leonard Montgomery,44,Female,Cybersecurity,6,3.24,Network Security,Cybersecurity,Free,Intermediate,0.0,26.52,1.91,True
TC00001,CR00032,8,Leonard Montgomery,44,Female,Cybersecurity,6,3.24,Ethical Hacking,Cybersecurity,Free,Advanced,0.0,16.74,2.38,True
TC00001,CR00033,4,Leonard Montgomery,44,Female,Cybersecurity,6,3.24,Cybersecurity Fundamentals,Cybersecurity,Free,Intermediate,0.0,48.25,3.93,True
TC00001,CR00034,4,Leonard Montgomery,44,Female,Cybersecurity,6,3.24,Data Encryption,Cybersecurity,Paid,Intermediate,394.26,47.44,1.35,True
TC00001,CR00035,3,Leonard Montgomery,44,Female,Cybersecurity,6,3.24,Cyber Threat Intelligence,Cybersecurity,Free,Beginner,0.0,42.59,4.94,True
TC00001,CR00051,3,Leonard Montgomery,44,Female,Cybersecurity,6,3.24,HTML & CSS,Web Development,Paid,Advanced,37.89,24.11,1.3,False
TC00001,CR00055,1,Leonard Montgomery,44,Female,Cybersecurity,6,3.24,Full-Stack Web Development,Web Development,Paid,Advanced,57.32,43.95,4.74,False
TC00002,CR00011,1,Jill Day,32,Female,Digital Marketing,9,4.14,Entrepreneurship 101,Business,Paid,Intermediate,326.02,11.31,2.69,False
TC00002,CR00013,3,Jill Day,32,Female,Digital Marketing,9,4.14,Finance for Startups,Business,Free,Advanced,0.0,15.84,2.0,False
TC00002,CR00014,1,Jill Day,32,Female,Digital Marketing,9,4.14,Sales Mastery,Business,Free,Advanced,0.0,22.29,3.15,False
TC00002,CR00015,1,Jill Day,32,Female,Digital Marketing,9,4.14,Leadership Essentials,Business,Paid,Beginner,285.05,34.78,1.96,False
TC00002,CR00056,15,Jill Day,32,Female,Digital Marketing,9,4.14,Google Ads Mastery,Digital Marketing,Paid,Advanced,212.39,22.89,3.15,True
TC00002,CR00057,9,Jill Day,32,Female,Digital Marketing,9,4.14,SEO for E-commerce,Digital Marketing,Paid,Advanced,177.34,49.73,3.89,True
TC00002,CR00058,15,Jill Day,32,Female,Digital Marketing,9,4.14,Social Media Strategy,Digital Marketing,Free,Beginner,0.0,1.46,4.44,True
TC00002,CR00059,16,Jill Day,32,Female,Digital Marketing,9,4.14,Affiliate Marketing,Digital Marketing,Free,Intermediate,0.0,5.95,4.66,True
TC00002,CR00060,7,Jill Day,32,Female,Digital Marketing,9,4.14,Content Creation,Digital Marketing,Free,Beginner,0.0,8.95,2.14,True
TC00003,CR00001,2,Amber Torres,32,Male,Design,4,1.56,Python Basics,Programming,Paid,Beginner,472.28,11.0,4.74,False
TC00003,CR00003,2,Amber Torres,32,Male,Design,4,1.56,C++ for Beginners,Programming,Free,Beginner,0.0,19.53,3.85,False
TC00003,CR00004,1,Amber Torres,32,Male,Design,4,1.56,Advanced Python,Programming,Free,Beginner,0.0,45.13,2.88,False
TC00003,CR00005,3,Amber Torres,32,Male,Design,4,1.56,Full Stack Development,Programming,Free,Beginner,0.0,28.68,1.28,False
TC00003,CR00006,7,Amber Torres,32,Male,Design,4,1.56,Graphic Design Basics,Design,Paid,Advanced,276.37,48.84,2.72,True
TC00003,CR00007,19,Amber Torres,32,Male,Design,4,1.56,UI/UX Design,Design,Free,Advanced,0.0,48.68,2.61,True
TC00003,CR00008,4,Amber Torres,32,Male,Design,4,1.56,Photoshop Mastery,Design,Free,Advanced,0.0,2.87,1.52,True
TC00003,CR00009,6,Amber Torres,32,Male,Design,4,1.56,Web Design Fundamentals,Design,Free,Beginner,0.0,48.19,4.51,True
TC00003,CR00010,7,Amber Torres,32,Male,Design,4,1.56,3D Modeling,Design,Free,Advanced,0.0,15.29,4.45,True
TC00003,CR00016,1,Amber Torres,32,Male,Design,4,1.56,Digital Marketing,Marketing,Free,Intermediate,0.0,42.68,4.72,False
TC00003,CR00018,1,Amber Torres,32,Male,Design,4,1.56,Social Media Marketing,Marketing,Free,Advanced,0.0,15.44,2.01,False
TC00003,CR00019,2,Amber Torres,32,Male,Design,4,1.56,Content Marketing,Marketing,Free,Advanced,0.0,18.0,2.98,False
TC00003,CR00020,2,Amber Torres,32,Male,Design,4,1.56,Email Marketing,Marketing,Free,Intermediate,0.0,46.25,4.11,False
TC00003,CR00028,1,Amber Torres,32,Male,Design,4,1.56,Deep Learning,Machine Learning,Paid,Advanced,0.78,44.96,3.89,False
TC00003,CR00030,1,Amber Torres,32,Male,Design,4,1.56,Reinforcement Learning,Machine Learning,Free,Intermediate,0.0,38.49,1.73,False
TC00004,CR00011,1,Kristi Scott,34,Female,Machine Learning,9,4.39,Entrepreneurship 101,Business,Paid,Intermediate,326.02,11.31,2.69,False
TC00004,CR00013,4,Kristi Scott,34,Female,Machine Learning,9,4.39,Finance for Startups,Business,Free,Advanced,0.0,15.84,2.0,False
TC00004,CR00015,1,Kristi Scott,34,Female,Machine Learning,9,4.39,Leadership Essentials,Business,Paid,Beginner,285.05,34.78,1.96,False
TC00004,CR00026,9,Kristi Scott,34,Female,Machine Learning,9,4.39,Intro to Machine Learning,Machine Learning,Free,Intermediate,0.0,47.7,4.73,True
TC00004,CR00027,9,Kristi Scott,34,Female,Machine Learning,9,4.39,Neural Networks,Machine Learning,Free,Advanced,0.0,9.3,1.81,True
TC00004,CR00028,7,Kristi Scott,34,Female,Machine Learning,9,4.39,Deep Learning,Machine Learning,Paid,Advanced,0.78,44.96,3.89,True
TC00004,CR00029,11,Kristi Scott,34,Female,Machine Learning,9,4.39,Natural Language Processing,Machine Learning,Free,Beginner,0.0,16.33,1.13,True
TC00004,CR00030,5,Kristi Scott,34,Female,Machine Learning,9,4.39,Reinforcement Learning,Machine Learning,Free,Intermediate,0.0,38.49,1.73,True
TC00005,CR00001,1,David Williams,34,Male,Finance,2,3.11,Python Basics,Programming,Paid,Beginner,472.28,11.0,4.74,False
TC00005,CR00003,1,David Williams,34,Male,Finance,2,3.11,C++ for Beginners,Programming,Free,Beginner,0.0,19.53,3.85,False
TC00005,CR00005,3,David Williams,34,Male,Finance,2,3.11,Full Stack Development,Programming,Free,Beginner,0.0,28.68,1.28,False
TC00005,CR00006,1,David Williams,34,Male,Finance,2,3.11,Graphic Design Basics,Design,Paid,Advanced,276.37,48.84,2.72,False
TC00005,CR00007,1,David Williams,34,Male,Finance,2,3.11,UI/UX Design,Design,Free,Advanced,0.0,48.68,2.61,False
TC00005,CR00009,1,David Williams,34,Male,Finance,2,3.11,Web Design Fundamentals,Design,Free,Beginner,0.0,48.19,4.51,False
TC00005,CR00010,1,David Williams,34,Male,Finance,2,3.11,3D Modeling,Design,Free,Advanced,0.0,15.29,4.45,False
TC00005,CR00016,2,David Williams,34,Male,Finance,2,3.11,Digital Marketing,Marketing,Free,Intermediate,0.0,42.68,4.72,False
TC00005,CR00019,1,David Williams,34,Male,Finance,2,3.11,Content Marketing,Marketing,Free,Advanced,0.0,18.0,2.98,False
TC00005,CR00020,1,David Williams,34,Male,Finance,2,3.11,Email Marketing,Marketing,Free,Intermediate,0.0,46.25,4.11,False
TC00005,CR00041,5,David Williams,34,Male,Finance,2,3.11,Financial Accounting,Finance,Paid,Beginner,53.86,47.08,2.47,True
TC00005,CR00042,5,David Williams,34,Male,Finance,2,3.11,Investment Strategies,Finance,Free,Intermediate,0.0,34.83,4.1,True
TC00005,CR00043,4,David Williams,34,Male,Finance,2,3.11,Corporate Finance,Finance,Free,Beginner,0.0,31.77,4.14,True
TC00005,CR00044,3,David Williams,34,Male,Finance,2,3.11,Personal Finance,Finance,Paid,Intermediate,119.04,23.41,2.75,True
TC00005,CR00045,13,David Williams,34,Male,Finance,2,3.11,Financial Modeling,Finance,Free,Advanced,0.0,6.36,1.59,True
TC00005,CR00051,2,David Williams,34,Male,Finance,2,3.11,HTML & CSS,Web Development,Paid,Advanced,37.89,24.11,1.3,False
TC00005,CR00052,1,David Williams,34,Male,Finance,2,3.11,JavaScript Mastery,Web Development,Free,Beginner,0.0,40.76,2.2,False
TC00005,CR00055,1,David Williams,34,Male,Finance,2,3.11,Full-Stack Web Development,Web Development,Paid,Advanced,57.32,43.95,4.74,False
TC00006,CR00003,3,Rebecca Webb,49,Male,Cybersecurity,14,3.36,C++ for Beginners,Programming,Free,Beginner,0.0,19.53,3.85,False
TC00006,CR00004,1,Rebecca Webb,49,Male,Cybersecurity,14,3.36,Advanced Python,Programming,Free,Beginner,0.0,45.13,2.88,False
TC00006,CR00007,2,Rebecca Webb,49,Male,Cybersecurity,14,3.36,UI/UX Design,Design,Free,Advanced,0.0,48.68,2.61,False
TC00006,CR00008,1,Rebecca Webb,49,Male,Cybersecurity,14,3.36,Photoshop Mastery,Design,Free,Advanced,0.0,2.87,1.52,False
TC00006,CR00016,1,Rebecca Webb,49,Male,Cybersecurity,14,3.36,Digital Marketing,Marketing,Free,Intermediate,0.0,42.68,4.72,False
TC00006,CR00017,4,Rebecca Webb,49,Male,Cybersecurity,14,3.36,SEO Mastery,Marketing,Free,Advanced,0.0,29.37,4.79,False
TC00006,CR00019,1,Rebecca Webb,49,Male,Cybersecurity,14,3.36,Content Marketing,Marketing,Free,Advanced,0.0,18.0,2.98,False
TC00006,CR00020,1,Rebecca Webb,49,Male,Cybersecurity,14,3.36,Email Marketing,Marketing,Free,Intermediate,0.0,46.25,4.11,False
TC00006,CR00031,4,Rebecca Webb,49,Male,Cybersecurity,14,3.36,Network Security,Cybersecurity,Free,Intermediate,0.0,26.52,1.91,True
TC00006,CR00032,7,Rebecca Webb,49,Male,Cybersecurity,14,3.36,Ethical Hacking,Cybersecurity,Free,Advanced,0.0,16.74,2.38,True
TC00006,CR00033,8,Rebecca Webb,49,Male,Cybersecurity,14,3.36,Cybersecurity Fundamentals,Cybersecurity,Free,Intermediate,0.0,48.25,3.93,True
TC00006,CR00034,5,Rebecca Webb,49,Male,Cybersecurity,14,3.36,Data Encryption,Cybersecurity,Paid,Intermediate,394.26,47.44,1.35,True
TC00006,CR00035,7,Rebecca Webb,49,Male,Cybersecurity,14,3.36,Cyber Threat Intelligence,Cybersecurity,Free,Beginner,0.0,42.59,4.94,True
TC00006,CR00051,2,Rebecca Webb,49,Male,Cybersecurity,14,3.36,HTML & CSS,Web Development,Paid,Advanced,37.89,24.11,1.3,False
TC00006,CR00053,1,Rebecca Webb,49,Male,Cybersecurity,14,3.36,React for Beginners,Web Development,Free,Advanced,0.0,40.07,2.67,False
TC00007,CR00011,2,Angela Beard,28,Female,Machine Learning,6,4.36,Entrepreneurship 101,Business,Paid,Intermediate,326.02,11.31,2.69,False
TC00007,CR00012,3,Angela Beard,28,Female,Machine Learning,6,4.36,Business Strategy,Business,Paid,Advanced,487.92,36.01,3.64,False
TC00007,CR00013,1,Angela Beard,28,Female,Machine Learning,6,4.36,Finance for Startups,Business,Free,Advanced,0.0,15.84,2.0,False
TC00007,CR00014,1,Angela Beard,28,Female,Machine Learning,6,4.36,Sales Mastery,Business,Free,Advanced,0.0,22.29,3.15,False
TC00007,CR00026,8,Angela Beard,28,Female,Machine Learning,6,4.36,Intro to Machine Learning,Machine Learning,Free,Intermediate,0.0,47.7,4.73,True
TC00007,CR00027,9,Angela Beard,28,Female,Machine Learning,6,4.36,Neural Networks,Machine Learning,Free,Advanced,0.0,9.3,1.81,True
TC00007,CR00028,5,Angela Beard,28,Female,Machine Learning,6,4.36,Deep Learning,Machine Learning,Paid,Advanced,0.78,44.96,3.89,True
TC00007,CR00029,11,Angela Beard,28,Female,Machine Learning,6,4.36,Natural Language Processing,Machine Learning,Free,Beginner,0.0,16.33,1.13,True
TC00007,CR00030,9,Angela Beard,28,Female,Machine Learning,6,4.36,Reinforcement Learning,Machine Learning,Free,Intermediate,0.0,38.49,1.73,True
TC00008,CR00012,3,Steven Walker,41,Male,Data Science,15,3.54,Business Strategy,Business,Paid,Advanced,487.92,36.01,3.64,False
TC00008,CR00013,2,Steven Walker,41,Male,Data Science,15,3.54,Finance for Startups,Business,Free,Advanced,0.0,15.84,2.0,False
TC00008,CR00014,3,Steven Walker,41,Male,Data Science,15,3.54,Sales Mastery,Business,Free,Advanced,0.0,22.29,3.15,False
TC00008,CR00015,3,Steven Walker,41,Male,Data Science,15,3.54,Leadership Essentials,Business,Paid,Beginner,285.05,34.78,1.96,False
TC00008,CR00021,30,Steven Walker,41,Male,Data Science,15,3.54,Data Analysis with Python,Data Science,Free,Intermediate,0.0,1.2,3.6,True
TC00008,CR00022,22,Steven Walker,41,Male,Data Science,15,3.54,Data Visualization,Data Science,Free,Beginner,0.0,32.64,3.65,True
TC00008,CR00023,23,Steven Walker,41,Male,Data Science,15,3.54,Machine Learning Fundamentals,Data Science,Free,Intermediate,0.0,9.71,3.02,True
TC00008,CR00024,25,Steven Walker,41,Male,Data Science,15,3.54,Big Data Analytics,Data Science,Paid,Advanced,117.68,48.09,2.57,True
TC00008,CR00025,22,Steven Walker,41,Male,Data Science,15,3.54,Statistical Analysis,Data Science,Paid,Beginner,299.57,48.32,3.74,True
TC00009,CR00001,2,Alexander Tucker,49,Female,Project Management,2,2.22,Python Basics,Programming,Paid,Beginner,472.28,11.0,4.74,False
TC00009,CR00003,1,Alexander Tucker,49,Female,Project Management,2,2.22,C++ for Beginners,Programming,Free,Beginner,0.0,19.53,3.85,False
TC00009,CR00004,6,Alexander Tucker,49,Female,Project Management,2,2.22,Advanced Python,Programming,Free,Beginner,0.0,45.13,2.88,False
TC00009,CR00005,1,Alexander Tucker,49,Female,Project Management,2,2.22,Full Stack Development,Programming,Free,Beginner,0.0,28.68,1.28,False
TC00009,CR00017,2,Alexander Tucker,49,Female,Project Management,2,2.22,SEO Mastery,Marketing,Free,Advanced,0.0,29.37,4.79,False
TC00009,CR00018,1,Alexander Tucker,49,Female,Project Management,2,2.22,Social Media Marketing,Marketing,Free,Advanced,0.0,15.44,2.01,False
TC00009,CR00019,2,Alexander Tucker,49,Female,Project Management,2,2.22,Content Marketing,Marketing,Free,Advanced,0.0,18.0,2.98,False
TC00009,CR00028,1,Alexander Tucker,49,Female,Project Management,2,2.22,Deep Learning,Machine Learning,Paid,Advanced,0.78,44.96,3.89,False
TC00009,CR00029,1,Alexander Tucker,49,Female,Project Management,2,2.22,Natural Language Processing,Machine Learning,Free,Beginner,0.0,16.33,1.13,False
TC00009,CR00030,2,Alexander Tucker,49,Female,Project Management,2,2.22,Reinforcement Learning,Machine Learning,Free,Intermediate,0.0,38.49,1.73,False
TC00009,CR00036,4,Alexander Tucker,49,Female,Project Management,2,2.22,Agile Project Management,Project Management,Free,Beginner,0.0,15.75,4.68,True
TC00009,CR00037,9,Alexander Tucker,49,Female,Project Management,2,2.22,Scrum Essentials,Project Management,Free,Intermediate,0.0,33.93,3.45,True
TC00009,CR00038,12,Alexander Tucker,49,Female,Project Management,2,2.22,Risk Management,Project Management,Paid,Intermediate,342.61,17.14,4.84,True
TC00009,CR00039,10,Alexander Tucker,49,Female,Project Management,2,2.22,Project Planning,Project Management,Paid,Advanced,346.71,3.42,1.23,True
TC00009,CR00040,4,Alexander Tucker,49,Female,Project Management,2,2.22,Leadership in Projects,Project Management,Paid,Beginner,327.99,12.13,1.51,True
TC00010,CR00001,1,Frances Sanchez,29,Male,Data Science,1,2.18,Python Basics,Programming,Paid,Beginner,472.28,11.0,4.74,False
TC00010,CR00003,2,Frances Sanchez,29,Male,Data Science,1,2.18,C++ for Beginners,Programming,Free,Beginner,0.0,19.53,3.85,False
TC00010,CR00004,2,Frances Sanchez,29,Male,Data Science,1,2.18,Advanced Python,Programming,Free,Beginner,0.0,45.13,2.88,False
TC00010,CR00005,1,Frances Sanchez,29,Male,Data Science,1,2.18,Full Stack Development,Programming,Free,Beginner,0.0,28.68,1.28,False
TC00010,CR00016,2,Frances Sanchez,29,Male,Data Science,1,2.18,Digital Marketing,Marketing,Free,Intermediate,0.0,42.68,4.72,False
TC00010,CR00017,1,Frances Sanchez,29,Male,Data Science,1,2.18,SEO Mastery,Marketing,Free,Advanced,0.0,29.37,4.79,False
TC00010,CR00018,3,Frances Sanchez,29,Male,Data Science,1,2.18,Social Media Marketing,Marketing,Free,Advanced,0.0,15.44,2.01,False
TC00010,CR00019,1,Frances Sanchez,29,Male,Data Science,1,2.18,Content Marketing,Marketing,Free,Advanced,0.0,18.0,2.98,False
TC00010,CR00020,1,Frances Sanchez,29,Male,Data Science,1,2.18,Email Marketing,Marketing,Free,Intermediate,0.0,46.25,4.11,False
TC00010,CR00021,6,Frances Sanchez,29,Male,Data Science,1,2.18,Data Analysis with Python,Data Science,Free,Intermediate,0.0,1.2,3.6,True
TC00010,CR00022,13,Frances Sanchez,29,Male,Data Science,1,2.18,Data Visualization,Data Science,Free,Beginner,0.0,32.64,3.65,True
TC00010,CR00023,20,Frances Sanchez,29,Male,Data Science,1,2.18,Machine Learning Fundamentals,Data Science,Free,Intermediate,0.0,9.71,3.02,True
TC00010,CR00024,9,Frances Sanchez,29,Male,Data Science,1,2.18,Big Data Analytics,Data Science,Paid,Advanced,117.68,48.09,2.57,True
TC00010,CR00025,14,Frances Sanchez,29,Male,Data Science,1,2.18,Statistical Analysis,Data Science,Paid,Beginner,299.57,48.32,3.74,True
TC00010,CR00026,2,Frances Sanchez,29,Male,Data Science,1,2.18,Intro to Machine Learning,Machine Learning,Free,Intermediate,0.0,47.7,4.73,False
TC00010,CR00028,2,Frances Sanchez,29,Male,Data Science,1,2.18,Deep Learning,Machine Learning,Paid,Advanced,0.78,44.96,3.89,False
TC00010,CR00029,1,Frances Sanchez,29,Male,Data Science,1,2.18,Natural Language Processing,Machine Learning,Free,Beginner,0.0,16.33,1.13,False
TC00011,CR00011,1,Carol Edwards,37,Female,Artificial Intelligence,8,3.55,Entrepreneurship 101,Business,Paid,Intermediate,326.02,11.31,2.69,False
TC00011,CR00013,1,Carol Edwards,37,Female,Artificial Intelligence,8,3.55,Finance for Startups,Business,Free,Advanced,0.0,15.84,2.0,False
TC00011,CR00014,3,Carol Edwards,37,Female,Artificial Intelligence,8,3.55,Sales Mastery,Business,Free,Advanced,0.0,22.29,3.15,False
TC00011,CR00015,2,Carol Edwards,37,Female,Artificial Intelligence,8,3.55,Leadership Essentials,Business,Paid,Beginner,285.05,34.78,1.96,False
TC00011,CR00046,6,Carol Edwards,37,Female,Artificial Intelligence,8,3.55,AI for Beginners,Artificial Intelligence,Paid,Beginner,248.1,9.4,1.2,True
TC00011,CR00047,12,Carol Edwards,37,Female,Artificial Intelligence,8,3.55,Natural Language Processing,Artificial Intelligence,Paid,Intermediate,89.59,1.55,2.68,True
TC00011,CR00048,6,Carol Edwards,37,Female,Artificial Intelligence,8,3.55,AI Ethics,Artificial Intelligence,Free,Beginner,0.0,42.7,3.64,True
TC00011,CR00049,8,Carol Edwards,37,Female,Artificial Intelligence,8,3.55,Deep Learning,Artificial Intelligence,Paid,Intermediate,415.51,28.33,3.11,True
TC00011,CR00050,7,Carol Edwards,37,Female,Artificial Intelligence,8,3.55,Computer Vision,Artificial Intelligence,Paid,Beginner,490.9,7.55,4.55,True
TC00012,CR00012,2,Christopher Nelson,48,Female,Cybersecurity,2,3.85,Business Strategy,Business,Paid,Advanced,487.92,36.01,3.64,False
TC00012,CR00013,1,Christopher Nelson,48,Female,Cybersecurity,2,3.85,Finance for Startups,Business,Free,Advanced,0.0,15.84,2.0,False
TC00012,CR00014,1,Christopher Nelson,48,Female,Cybersecurity,2,3.85,Sales Mastery,Business,Free,Advanced,0.0,22.29,3.15,False
TC00012,CR00015,1,Christopher Nelson,48,Female,Cybersecurity,2,3.85,Leadership Essentials,Business,Paid,Beginner,285.05,34.78,1.96,False
TC00012,CR00031,3,Christopher Nelson,48,Female,Cybersecurity,2,3.85,Network Security,Cybersecurity,Free,Intermediate,0.0,26.52,1.91,True
TC00012,CR00032,4,Christopher Nelson,48,Female,Cybersecurity,2,3.85,Ethical Hacking,Cybersecurity,Free,Advanced,0.0,16.74,2.38,True
TC00012,CR00033,6,Christopher Nelson,48,Female,Cybersecurity,2,3.85,Cybersecurity Fundamentals,Cybersecurity,Free,Intermediate,0.0,48.25,3.93,True
TC00012,CR00034,1,Christopher Nelson,48,Female,Cybersecurity,2,3.85,Data Encryption,Cybersecurity,Paid,Intermediate,394.26,47.44,1.35,True
TC00012,CR00035,7,Christopher Nelson,48,Female,Cybersecurity,2,3.85,Cyber Threat Intelligence,Cybersecurity,Free,Beginner,0.0,42.59,4.94,True
TC00013,CR00004,1,Brian Carrillo,35,Female,Digital Marketing,6,3.42,Advanced Python,Programming,Free,Beginner,0.0,45.13,2.88,False
TC00013,CR00007,2,Brian Carrillo,35,Female,Digital Marketing,6,3.42,UI/UX Design,Design,Free,Advanced,0.0,48.68,2.61,False
TC00013,CR00008,2,Brian Carrillo,35,Female,Digital Marketing,6,3.42,Photoshop Mastery,Design,Free,Advanced,0.0,2.87,1.52,False
TC00013,CR00009,1,Brian Carrillo,35,Female,Digital Marketing,6,3.42,Web Design Fundamentals,Design,Free,Beginner,0.0,48.19,4.51,False
TC00013,CR00010,1,Brian Carrillo,35,Female,Digital Marketing,6,3.42,3D Modeling,Design,Free,Advanced,0.0,15.29,4.45,False
TC00013,CR00016,1,Brian Carrillo,35,Female,Digital Marketing,6,3.42,Digital Marketing,Marketing,Free,Intermediate,0.0,42.68,4.72,False
TC00013,CR00019,1,Brian Carrillo,35,Female,Digital Marketing,6,3.42,Content Marketing,Marketing,Free,Advanced,0.0,18.0,2.98,False
TC00013,CR00051,1,Brian Carrillo,35,Female,Digital Marketing,6,3.42,HTML & CSS,Web Development,Paid,Advanced,37.89,24.11,1.3,False
TC00013,CR00054,2,Brian Carrillo,35,Female,Digital Marketing,6,3.42,Backend Development with Node.js,Web Development,Free,Beginner,0.0,48.57,3.32,False
TC00013,CR00056,2,Brian Carrillo,35,Female,Digital Marketing,6,3.42,Google Ads Mastery,Digital Marketing,Paid,Advanced,212.39,22.89,3.15,True
TC00013,CR00057,2,Brian Carrillo,35,Female,Digital Marketing,6,3.42,SEO for E-commerce,Digital Marketing,Paid,Advanced,177.34,49.73,3.89,True
TC00013,CR00058,3,Brian Carrillo,35,Female,Digital Marketing,6,3.42,Social Media Strategy,Digital Marketing,Free,Beginner,0.0,1.46,4.44,True
TC00013,CR00059,3,Brian Carrillo,35,Female,Digital Marketing,6,3.42,Affiliate Marketing,Digital Marketing,Free,Intermediate,0.0,5.95,4.66,True
TC00013,CR00060,1,Brian Carrillo,35,Female,Digital Marketing,6,3.42,Content Creation,Digital Marketing,Free,Beginner,0.0,8.95,2.14,True
TC00014,CR00003,1,Susan Randolph,49,Male,Project Management,3,2.45,C++ for Beginners,Programming,Free,Beginner,0.0,19.53,3.85,False
TC00014,CR00005,1,Susan Randolph,49,Male,Project Management,3,2.45,Full Stack Development,Programming,Free,Beginner,0.0,28.68,1.28,False
TC00014,CR00016,2,Susan Randolph,49,Male,Project Management,3,2.45,Digital Marketing,Marketing,Free,Intermediate,0.0,42.68,4.72,False
TC00014,CR00017,2,Susan Randolph,49,Male,Project Management,3,2.45,SEO Mastery,Marketing,Free,Advanced,0.0,29.37,4.79,False
TC00014,CR00020,1,Susan Randolph,49,Male,Project Management,3,2.45,Email Marketing,Marketing,Free,Intermediate,0.0,46.25,4.11,False
TC00014,CR00026,1,Susan Randolph,49,Male,Project Management,3,2.45,Intro to Machine Learning,Machine Learning,Free,Intermediate,0.0,47.7,4.73,False
TC00014,CR00029,1,Susan Randolph,49,Male,Project Management,3,2.45,Natural Language Processing,Machine Learning,Free,Beginner,0.0,16.33,1.13,False
TC00014,CR00030,1,Susan Randolph,49,Male,Project Management,3,2.45,Reinforcement Learning,Machine Learning,Free,Intermediate,0.0,38.49,1.73,False
TC00014,CR00036,11,Susan Randolph,49,Male,Project Management,3,2.45,Agile Project Management,Project Management,Free,Beginner,0.0,15.75,4.68,True
TC00014,CR00037,7,Susan Randolph,49,Male,Project Management,3,2.45,Scrum Essentials,Project Management,Free,Intermediate,0.0,33.93,3.45,True
TC00014,CR00038,7,Susan Randolph,49,Male,Project Management,3,2.45,Risk Management,Project Management,Paid,Intermediate,342.61,17.14,4.84,True
TC00014,CR00039,7,Susan Randolph,49,Male,Project Management,3,2.45,Project Planning,Project Management,Paid,Advanced,346.71,3.42,1.23,True
TC00014,CR00040,15,Susan Randolph,49,Male,Project Management,3,2.45,Leadership in Projects,Project Management,Paid,Beginner,327.99,12.13,1.51,True
TC00015,CR00001,1,John Armstrong,43,Male,Data Science,7,3.07,Python Basics,Programming,Paid,Beginner,472.28,11.0,4.74,False
TC00015,CR00002,1,John Armstrong,43,Male,Data Science,7,3.07,Java Programming,Programming,Free,Intermediate,0.0,37.7,2.43,False
TC00015,CR00003,1,John Armstrong,43,Male,Data Science,7,3.07,C++ for Beginners,Programming,Free,Beginner,0.0,19.53,3.85,False
TC00015,CR00004,1,John Armstrong,43,Male,Data Science,7,3.07,Advanced Python,Programming,Free,Beginner,0.0,45.13,2.88,False
TC00015,CR00005,2,John Armstrong,43,Male,Data Science,7,3.07,Full Stack Development,Programming,Free,Beginner,0.0,28.68,1.28,False
TC00015,CR00007,2,John Armstrong,43,Male,Data Science,7,3.07,UI/UX Design,Design,Free,Advanced,0.0,48.68,2.61,False
TC00015,CR00008,1,John Armstrong,43,Male,Data Science,7,3.07,Photoshop Mastery,Design,Free,Advanced,0.0,2.87,1.52,False
TC00015,CR00010,2,John Armstrong,43,Male,Data Science,7,3.07,3D Modeling,Design,Free,Advanced,0.0,15.29,4.45,False
TC00015,CR00016,2,John Armstrong,43,Male,Data Science,7,3.07,Digital Marketing,Marketing,Free,Intermediate,0.0,42.68,4.72,False
TC00015,CR00017,1,John Armstrong,43,Male,Data Science,7,3.07,SEO Mastery,Marketing,Free,Advanced,0.0,29.37,4.79,False
TC00015,CR00018,3,John Armstrong,43,Male,Data Science,7,3.07,Social Media Marketing,Marketing,Free,Advanced,0.0,15.44,2.01,False
TC00015,CR00021,9,John Armstrong,43,Male,Data Science,7,3.07,Data Analysis with Python,Data Science,Free,Intermediate,0.0,1.2,3.6,True
TC00015,CR00022,6,John Armstrong,43,Male,Data Science,7,3.07,Data Visualization,Data Science,Free,Beginner,0.0,32.64,3.65,True
TC00015,CR00023,8,John Armstrong,43,Male,Data Science,7,3.07,Machine Learning Fundamentals,Data Science,Free,Intermediate,0.0,9.71,3.02,True
TC00015,CR00024,5,John Armstrong,43,Male,Data Science,7,3.07,Big Data Analytics,Data Science,Paid,Advanced,117.68,48.09,2.57,True
TC00015,CR00025,11,John Armstrong,43,Male,Data Science,7,3.07,Statistical Analysis,Data Science,Paid,Beginner,299.57,48.32,3.74,True
TC00015,CR00051,1,John Armstrong,43,Male,Data Science,7,3.07,HTML & CSS,Web Development,Paid,Advanced,37.89,24.11,1.3,False
TC00015,CR00052,1,John Armstrong,43,Male,Data Science,7,3.07,JavaScript Mastery,Web Development,Free,Beginner,0.0,40.76,2.2,False
TC00015,CR00054,2,John Armstrong,43,Male,Data Science,7,3.07,Backend Development with Node.js,Web Development,Free,Beginner,0.0,48.57,3.32,False
TC00015,CR00055,1,John Armstrong,43,Male,Data Science,7,3.07,Full-Stack Web Development,Web Development,Paid,Advanced,57.32,43.95,4.74,False
TC00016,CR00001,2,David Carlson,33,Male,Data Science,1,2.92,Python Basics,Programming,Paid,Beginner,472.28,11.0,4.74,False
TC00016,CR00002,1,David Carlson,33,Male,Data Science,1,2.92,Java Programming,Programming,Free,Intermediate,0.0,37.7,2.43,False
TC00016,CR00003,1,David Carlson,33,Male,Data Science,1,2.92,C++ for Beginners,Programming,Free,Beginner,0.0,19.53,3.85,False
TC00016,CR00004,1,David Carlson,33,Male,Data Science,1,2.92,Advanced Python,Programming,Free,Beginner,0.0,45.13,2.88,False
TC00016,CR00005,3,David Carlson,33,Male,Data Science,1,2.92,Full Stack Development,Programming,Free,Beginner,0.0,28.68,1.28,False
TC00016,CR00017,2,David Carlson,33,Male,Data Science,1,2.92,SEO Mastery,Marketing,Free,Advanced,0.0,29.37,4.79,False
TC00016,CR00018,1,David Carlson,33,Male,Data Science,1,2.92,Social Media Marketing,Marketing,Free,Advanced,0.0,15.44,2.01,False
TC00016,CR00019,2,David Carlson,33,Male,Data Science,1,2.92,Content Marketing,Marketing,Free,Advanced,0.0,18.0,2.98,False
TC00016,CR00021,22,David Carlson,33,Male,Data Science,1,2.92,Data Analysis with Python,Data Science,Free,Intermediate,0.0,1.2,3.6,True
TC00016,CR00022,16,David Carlson,33,Male,Data Science,1,2.92,Data Visualization,Data Science,Free,Beginner,0.0,32.64,3.65,True
TC00016,CR00023,15,David Carlson,33,Male,Data Science,1,2.92,Machine Learning Fundamentals,Data Science,Free,Intermediate,0.0,9.71,3.02,True
TC00016,CR00024,21,David Carlson,33,Male,Data Science,1,2.92,Big Data Analytics,Data Science,Paid,Advanced,117.68,48.09,2.57,True
TC00016,CR00025,14,David Carlson,33,Male,Data Science,1,2.92,Statistical Analysis,Data Science,Paid,Beginner,299.57,48.32,3.74,True
TC00016,CR00026,4,David Carlson,33,Male,Data Science,1,2.92,Intro to Machine Learning,Machine Learning,Free,Intermediate,0.0,47.7,4.73,False
TC00016,CR00028,1,David Carlson,33,Male,Data Science,1,2.92,Deep Learning,Machine Learning,Paid,Advanced,0.78,44.96,3.89,False
TC00016,CR00029,1,David Carlson,33,Male,Data Science,1,2.92,Natural Language Processing,Machine Learning,Free,Beginner,0.0,16.33,1.13,False
TC00016,CR00030,1,David Carlson,33,Male,Data Science,1,2.92,Reinforcement Learning,Machine Learning,Free,Intermediate,0.0,38.49,1.73,False
TC00017,CR00001,3,Brian Perez,36,Male,Digital Marketing,4,2.33,Python Basics,Programming,Paid,Beginner,472.28,11.0,4.74,False
TC00017,CR00002,1,Brian Perez,36,Male,Digital Marketing,4,2.33,Java Programming,Programming,Free,Intermediate,0.0,37.7,2.43,False
TC00017,CR00003,2,Brian Perez,36,Male,Digital Marketing,4,2.33,C++ for Beginners,Programming,Free,Beginner,0.0,19.53,3.85,False
TC00017,CR00004,4,Brian Perez,36,Male,Digital Marketing,4,2.33,Advanced Python,Programming,Free,Beginner,0.0,45.13,2.88,False
TC00017,CR00016,2,Brian Perez,36,Male,Digital Marketing,4,2.33,Digital Marketing,Marketing,Free,Intermediate,0.0,42.68,4.72,False
TC00017,CR00017,1,Brian Perez,36,Male,Digital Marketing,4,2.33,SEO Mastery,Marketing,Free,Advanced,0.0,29.37,4.79,False
TC00017,CR00019,1,Brian Perez,36,Male,Digital Marketing,4,2.33,Content Marketing,Marketing,Free,Advanced,0.0,18.0,2.98,False
TC00017,CR00020,2,Brian Perez,36,Male,Digital Marketing,4,2.33,Email Marketing,Marketing,Free,Intermediate,0.0,46.25,4.11,False
TC00017,CR00027,1,Brian Perez,36,Male,Digital Marketing,4,2.33,Neural Networks,Machine Learning,Free,Advanced,0.0,9.3,1.81,False
TC00017,CR00028,1,Brian Perez,36,Male,Digital Marketing,4,2.33,Deep Learning,Machine Learning,Paid,Advanced,0.78,44.96,3.89,False
TC00017,CR00029,2,Brian Perez,36,Male,Digital Marketing,4,2.33,Natural Language Processing,Machine Learning,Free,Beginner,0.0,16.33,1.13,False
TC00017,CR00030,2,Brian Perez,36,Male,Digital Marketing,4,2.33,Reinforcement Learning,Machine Learning,Free,Intermediate,0.0,38.49,1.73,False
TC00017,CR00056,4,Brian Perez,36,Male,Digital Marketing,4,2.33,Google Ads Mastery,Digital Marketing,Paid,Advanced,212.39,22.89,3.15,True
TC00017,CR00057,2,Brian Perez,36,Male,Digital Marketing,4,2.33,SEO for E-commerce,Digital Marketing,Paid,Advanced,177.34,49.73,3.89,True
TC00017,CR00058,11,Brian Perez,36,Male,Digital Marketing,4,2.33,Social Media Strategy,Digital Marketing,Free,Beginner,0.0,1.46,4.44,True
TC00017,CR00059,5,Brian Perez,36,Male,Digital Marketing,4,2.33,Affiliate Marketing,Digital Marketing,Free,Intermediate,0.0,5.95,4.66,True
TC00017,CR00060,7,Brian Perez,36,Male,Digital Marketing,4,2.33,Content Creation,Digital Marketing,Free,Beginner,0.0,8.95,2.14,True
TC00018,CR00012,2,Kari Pierce,47,Female,Project Management,11,4.28,Business Strategy,Business,Paid,Advanced,487.92,36.01,3.64,False
TC00018,CR00013,1,Kari Pierce,47,Female,Project Management,11,4.28,Finance for Startups,Business,Free,Advanced,0.0,15.84,2.0,False
TC00018,CR00015,1,Kari Pierce,47,Female,Project Management,11,4.28,Leadership Essentials,Business,Paid,Beginner,285.05,34.78,1.96,False
TC00018,CR00036,20,Kari Pierce,47,Female,Project Management,11,4.28,Agile Project Management,Project Management,Free,Beginner,0.0,15.75,4.68,True
TC00018,CR00037,18,Kari Pierce,47,Female,Project Management,11,4.28,Scrum Essentials,Project Management,Free,Intermediate,0.0,33.93,3.45,True
TC00018,CR00038,19,Kari Pierce,47,Female,Project Management,11,4.28,Risk Management,Project Management,Paid,Intermediate,342.61,17.14,4.84,True
TC00018,CR00039,19,Kari Pierce,47,Female,Project Management,11,4.28,Project Planning,Project Management,Paid,Advanced,346.71,3.42,1.23,True
TC00018,CR00040,13,Kari Pierce,47,Female,Project Management,11,4.28,Leadership in Projects,Project Management,Paid,Beginner,327.99,12.13,1.51,True
TC00019,CR00001,1,Tommy Haynes,35,Male,Digital Marketing,8,3.4,Python Basics,Programming,Paid,Beginner,472.28,11.0,4.74,False
TC00019,CR00002,1,Tommy Haynes,35,Male,Digital Marketing,8,3.4,Java Programming,Programming,Free,Intermediate,0.0,37.7,2.43,False
TC00019,CR00003,1,Tommy Haynes,35,Male,Digital Marketing,8,3.4,C++ for Beginners,Programming,Free,Beginner,0.0,19.53,3.85,False
TC00019,CR00004,2,Tommy Haynes,35,Male,Digital Marketing,8,3.4,Advanced Python,Programming,Free,Beginner,0.0,45.13,2.88,False
TC00019,CR00006,2,Tommy Haynes,35,Male,Digital Marketing,8,3.4,Graphic Design Basics,Design,Paid,Advanced,276.37,48.84,2.72,False
TC00019,CR00007,1,Tommy Haynes,35,Male,Digital Marketing,8,3.4,UI/UX Design,Design,Free,Advanced,0.0,48.68,2.61,False
TC00019,CR00009,1,Tommy Haynes,35,Male,Digital Marketing,8,3.4,Web Design Fundamentals,Design,Free,Beginner,0.0,48.19,4.51,False
TC00019,CR00017,1,Tommy Haynes,35,Male,Digital Marketing,8,3.4,SEO Mastery,Marketing,Free,Advanced,0.0,29.37,4.79,False
TC00019,CR00020,1,Tommy Haynes,35,Male,Digital Marketing,8,3.4,Email Marketing,Marketing,Free,Intermediate,0.0,46.25,4.11,False
TC00019,CR00052,2,Tommy Haynes,35,Male,Digital Marketing,8,3.4,JavaScript Mastery,Web Development,Free,Beginner,0.0,40.76,2.2,False
TC00019,CR00053,1,Tommy Haynes,35,Male,Digital Marketing,8,3.4,React for Beginners,Web Development,Free,Advanced,0.0,40.07,2.67,False
TC00019,CR00054,2,Tommy Haynes,35,Male,Digital Marketing,8,3.4,Backend Development with Node.js,Web Development,Free,Beginner,0.0,48.57,3.32,False
TC00019,CR00056,3,Tommy Haynes,35,Male,Digital Marketing,8,3.4,Google Ads Mastery,Digital Marketing,Paid,Advanced,212.39,22.89,3.15,True
TC00019,CR00057,1,Tommy Haynes,35,Male,Digital Marketing,8,3.4,SEO for E-commerce,Digital Marketing,Paid,Advanced,177.34,49.73,3.89,True
TC00019,CR00058,5,Tommy Haynes,35,Male,Digital Marketing,8,3.4,Social Media Strategy,Digital Marketing,Free,Beginner,0.0,1.46,4.44,True
TC00019,CR00059,3,Tommy Haynes,35,Male,Digital Marketing,8,3.4,Affiliate Marketing,Digital Marketing,Free,Intermediate,0.0,5.95,4.66,True
TC00019,CR00060,7,Tommy Haynes,35,Male,Digital Marketing,8,3.4,Content Creation,Digital Marketing,Free,Beginner,0.0,8.95,2.14,True
TC00020,CR00008,1,Tara Reynolds,44,Female,Digital Marketing,10,3.23,Photoshop Mastery,Design,Free,Advanced,0.0,2.87,1.52,False
TC00020,CR00009,2,Tara Reynolds,44,Female,Digital Marketing,10,3.23,Web Design Fundamentals,Design,Free,Beginner,0.0,48.19,4.51,False
TC00020,CR00016,1,Tara Reynolds,44,Female,Digital Marketing,10,3.23,Digital Marketing,Marketing,Free,Intermediate,0.0,42.68,4.72,False
TC00020,CR00017,1,Tara Reynolds,44,Female,Digital Marketing,10,3.23,SEO Mastery,Marketing,Free,Advanced,0.0,29.37,4.79,False
TC00020,CR00018,1,Tara Reynolds,44,Female,Digital Marketing,10,3.23,Social Media Marketing,Marketing,Free,Advanced,0.0,15.44,2.01,False
TC00020,CR00020,2,Tara Reynolds,44,Female,Digital Marketing,10,3.23,Email Marketing,Marketing,Free,Intermediate,0.0,46.25,4.11,False
TC00020,CR00053,1,Tara Reynolds,44,Female,Digital Marketing,10,3.23,React for Beginners,Web Development,Free,Advanced,0.0,40.07,2.67,False
TC00020,CR00054,1,Tara Reynolds,44,Female,Digital Marketing,10,3.23,Backend Development with Node.js,Web Development,Free,Beginner,0.0,48.57,3.32,False
TC00020,CR00055,3,Tara Reynolds,44,Female,Digital Marketing,10,3.23,Full-Stack Web Development,Web Development,Paid,Advanced,57.32,43.95,4.74,False
TC00020,CR00056,2,Tara Reynolds,44,Female,Digital Marketing,10,3.23,Google Ads Mastery,Digital Marketing,Paid,Advanced,212.39,22.89,3.15,True
TC00020,CR00057,1,Tara Reynolds,44,Female,Digital Marketing,10,3.23,SEO for E-commerce,Digital Marketing,Paid,Advanced,177.34,49.73,3.89,True
TC00020,CR00058,4,Tara Reynolds,44,Female,Digital Marketing,10,3.23,Social Media Strategy,Digital Marketing,Free,Beginner,0.0,1.46,4.44,True
TC00020,CR00059,3,Tara Reynolds,44,Female,Digital Marketing,10,3.23,Affiliate Marketing,Digital Marketing,Free,Intermediate,0.0,5.95,4.66,True
TC00020,CR00060,2,Tara Reynolds,44,Female,Digital Marketing,10,3.23,Content Creation,Digital Marketing,Free,Beginner,0.0,8.95,2.14,True
TC00021,CR00011,1,Adam Holmes,34,Female,Machine Learning,2,3.99,Entrepreneurship 101,Business,Paid,Intermediate,326.02,11.31,2.69,False
TC00021,CR00012,1,Adam Holmes,34,Female,Machine Learning,2,3.99,Business Strategy,Business,Paid,Advanced,487.92,36.01,3.64,False
TC00021,CR00013,1,Adam Holmes,34,Female,Machine Learning,2,3.99,Finance for Startups,Business,Free,Advanced,0.0,15.84,2.0,False
TC00021,CR00014,1,Adam Holmes,34,Female,Machine Learning,2,3.99,Sales Mastery,Business,Free,Advanced,0.0,22.29,3.15,False
TC00021,CR00026,10,Adam Holmes,34,Female,Machine Learning,2,3.99,Intro to Machine Learning,Machine Learning,Free,Intermediate,0.0,47.7,4.73,True
TC00021,CR00027,5,Adam Holmes,34,Female,Machine Learning,2,3.99,Neural Networks,Machine Learning,Free,Advanced,0.0,9.3,1.81,True
TC00021,CR00028,13,Adam Holmes,34,Female,Machine Learning,2,3.99,Deep Learning,Machine Learning,Paid,Advanced,0.78,44.96,3.89,True
TC00021,CR00029,12,Adam Holmes,34,Female,Machine Learning,2,3.99,Natural Language Processing,Machine Learning,Free,Beginner,0.0,16.33,1.13,True
TC00021,CR00030,7,Adam Holmes,34,Female,Machine Learning,2,3.99,Reinforcement Learning,Machine Learning,Free,Intermediate,0.0,38.49,1.73,True
TC00022,CR00001,2,John Holmes,33,Male,Digital Marketing,3,2.5,Python Basics,Programming,Paid,Beginner,472.28,11.0,4.74,False
TC00022,CR00002,1,John Holmes,33,Male,Digital Marketing,3,2.5,Java Programming,Programming,Free,Intermediate,0.0,37.7,2.43,False
TC00022,CR00003,2,John Holmes,33,Male,Digital Marketing,3,2.5,C++ for Beginners,Programming,Free,Beginner,0.0,19.53,3.85,False
TC00022,CR00004,1,John Holmes,33,Male,Digital Marketing,3,2.5,Advanced Python,Programming,Free,Beginner,0.0,45.13,2.88,False
TC00022,CR00005,1,John Holmes,33,Male,Digital Marketing,3,2.5,Full Stack Development,Programming,Free,Beginner,0.0,28.68,1.28,False
TC00022,CR00018,1,John Holmes,33,Male,Digital Marketing,3,2.5,Social Media Marketing,Marketing,Free,Advanced,0.0,15.44,2.01,False
TC00022,CR00026,1,John Holmes,33,Male,Digital Marketing,3,2.5,Intro to Machine Learning,Machine Learning,Free,Intermediate,0.0,47.7,4.73,False
TC00022,CR00027,1,John Holmes,33,Male,Digital Marketing,3,2.5,Neural Networks,Machine Learning,Free,Advanced,0.0,9.3,1.81,False
TC00022,CR00028,2,John Holmes,33,Male,Digital Marketing,3,2.5,Deep Learning,Machine Learning,Paid,Advanced,0.78,44.96,3.89,False
TC00022,CR00029,1,John Holmes,33,Male,Digital Marketing,3,2.5,Natural Language Processing,Machine Learning,Free,Beginner,0.0,16.33,1.13,False
TC00022,CR00030,1,John Holmes,33,Male,Digital Marketing,3,2.5,Reinforcement Learning,Machine Learning,Free,Intermediate,0.0,38.49,1.73,False
TC00022,CR00056,2,John Holmes,33,Male,Digital Marketing,3,2.5,Google Ads Mastery,Digital Marketing,Paid,Advanced,212.39,22.89,3.15,True
TC00022,CR00057,6,John Holmes,33,Male,Digital Marketing,3,2.5,SEO for E-commerce,Digital Marketing,Paid,Advanced,177.34,49.73,3.89,True
TC00022,CR00058,6,John Holmes,33,Male,Digital Marketing,3,2.5,Social Media Strategy,Digital Marketing,Free,Beginner,0.0,1.46,4.44,True
TC00022,CR00059,9,John Holmes,33,Male,Digital Marketing,3,2.5,Affiliate Marketing,Digital Marketing,Free,Intermediate,0.0,5.95,4.66,True
TC00022,CR00060,5,John Holmes,33,Male,Digital Marketing,3,2.5,Content Creation,Digital Marketing,Free,Beginner,0.0,8.95,2.14,True
TC00023,CR00001,2,Robert Mack,32,Male,Finance,4,2.99,Python Basics,Programming,Paid,Beginner,472.28,11.0,4.74,False
TC00023,CR00002,3,Robert Mack,32,Male,Finance,4,2.99,Java Programming,Programming,Free,Intermediate,0.0,37.7,2.43,False
TC00023,CR00003,2,Robert Mack,32,Male,Finance,4,2.99,C++ for Beginners,Programming,Free,Beginner,0.0,19.53,3.85,False
TC00023,CR00004,1,Robert Mack,32,Male,Finance,4,2.99,Advanced Python,Programming,Free,Beginner,0.0,45.13,2.88,False
TC00023,CR00005,1,Robert Mack,32,Male,Finance,4,2.99,Full Stack Development,Programming,Free,Beginner,0.0,28.68,1.28,False
TC00023,CR00016,2,Robert Mack,32,Male,Finance,4,2.99,Digital Marketing,Marketing,Free,Intermediate,0.0,42.68,4.72,False
TC00023,CR00017,1,Robert Mack,32,Male,Finance,4,2.99,SEO Mastery,Marketing,Free,Advanced,0.0,29.37,4.79,False
TC00023,CR00018,1,Robert Mack,32,Male,Finance,4,2.99,Social Media Marketing,Marketing,Free,Advanced,0.0,15.44,2.01,False
TC00023,CR00019,3,Robert Mack,32,Male,Finance,4,2.99,Content Marketing,Marketing,Free,Advanced,0.0,18.0,2.98,False
TC00023,CR00026,2,Robert Mack,32,Male,Finance,4,2.99,Intro to Machine Learning,Machine Learning,Free,Intermediate,0.0,47.7,4.73,False
TC00023,CR00027,1,Robert Mack,32,Male,Finance,4,2.99,Neural Networks,Machine Learning,Free,Advanced,0.0,9.3,1.81,False
TC00023,CR00029,1,Robert Mack,32,Male,Finance,4,2.99,Natural Language Processing,Machine Learning,Free,Beginner,0.0,16.33,1.13,False
TC00023,CR00030,1,Robert Mack,32,Male,Finance,4,2.99,Reinforcement Learning,Machine Learning,Free,Intermediate,0.0,38.49,1.73,False
TC00023,CR00041,15,Robert Mack,32,Male,Finance,4,2.99,Financial Accounting,Finance,Paid,Beginner,53.86,47.08,2.47,True
TC00023,CR00042,19,Robert Mack,32,Male,Finance,4,2.99,Investment Strategies,Finance,Free,Intermediate,0.0,34.83,4.1,True
TC00023,CR00043,18,Robert Mack,32,Male,Finance,4,2.99,Corporate Finance,Finance,Free,Beginner,0.0,31.77,4.14,True
TC00023,CR00044,13,Robert Mack,32,Male,Finance,4,2.99,Personal Finance,Finance,Paid,Intermediate,119.04,23.41,2.75,True
TC00023,CR00045,9,Robert Mack,32,Male,Finance,4,2.99,Financial Modeling,Finance,Free,Advanced,0.0,6.36,1.59,True
TC00024,CR00011,1,Michael Kim,40,Male,Digital Marketing,6,4.22,Entrepreneurship 101,Business,Paid,Intermediate,326.02,11.31,2.69,False
TC00024,CR00013,1,Michael Kim,40,Male,Digital Marketing,6,4.22,Finance for Startups,Business,Free,Advanced,0.0,15.84,2.0,False
TC00024,CR00014,2,Michael Kim,40,Male,Digital Marketing,6,4.22,Sales Mastery,Business,Free,Advanced,0.0,22.29,3.15,False
TC00024,CR00056,13,Michael Kim,40,Male,Digital Marketing,6,4.22,Google Ads Mastery,Digital Marketing,Paid,Advanced,212.39,22.89,3.15,True
TC00024,CR00057,12,Michael Kim,40,Male,Digital Marketing,6,4.22,SEO for E-commerce,Digital Marketing,Paid,Advanced,177.34,49.73,3.89,True
TC00024,CR00058,10,Michael Kim,40,Male,Digital Marketing,6,4.22,Social Media Strategy,Digital Marketing,Free,Beginner,0.0,1.46,4.44,True
TC00024,CR00059,9,Michael Kim,40,Male,Digital Marketing,6,4.22,Affiliate Marketing,Digital Marketing,Free,Intermediate,0.0,5.95,4.66,True
TC00024,CR00060,9,Michael Kim,40,Male,Digital Marketing,6,4.22,Content Creation,Digital Marketing,Free,Beginner,0.0,8.95,2.14,True
TC00025,CR00002,1,Justin Pham,29,Male,Web Development,4,2.17,Java Programming,Programming,Free,Intermediate,0.0,37.7,2.43,False
TC00025,CR00003,1,Justin Pham,29,Male,Web Development,4,2.17,C++ for Beginners,Programming,Free,Beginner,0.0,19.53,3.85,False
TC00025,CR00005,2,Justin Pham,29,Male,Web Development,4,2.17,Full Stack Development,Programming,Free,Beginner,0.0,28.68,1.28,False
TC00025,CR00016,2,Justin Pham,29,Male,Web Development,4,2.17,Digital Marketing,Marketing,Free,Intermediate,0.0,42.68,4.72,False
TC00025,CR00018,3,Justin Pham,29,Male,Web Development,4,2.17,Social Media Marketing,Marketing,Free,Advanced,0.0,15.44,2.01,False
TC00025,CR00019,1,Justin Pham,29,Male,Web Development,4,2.17,Content Marketing,Marketing,Free,Advanced,0.0,18.0,2.98,False
TC00025,CR00026,3,Justin Pham,29,Male,Web Development,4,2.17,Intro to Machine Learning,Machine Learning,Free,Intermediate,0.0,47.7,4.73,False
TC00025,CR00027,3,Justin Pham,29,Male,Web Development,4,2.17,Neural Networks,Machine Learning,Free,Advanced,0.0,9.3,1.81,False
TC00025,CR00028,2,Justin Pham,29,Male,Web Development,4,2.17,Deep Learning,Machine Learning,Paid,Advanced,0.78,44.96,3.89,False
TC00025,CR00030,3,Justin Pham,29,Male,Web Development,4,2.17,Reinforcement Learning,Machine Learning,Free,Intermediate,0.0,38.49,1.73,False
TC00025,CR00051,2,Justin Pham,29,Male,Web Development,4,2.17,HTML & CSS,Web Development,Paid,Advanced,37.89,24.11,1.3,True
TC00025,CR00052,11,Justin Pham,29,Male,Web Development,4,2.17,JavaScript Mastery,Web Development,Free,Beginner,0.0,40.76,2.2,True
TC00025,CR00053,3,Justin Pham,29,Male,Web Development,4,2.17,React for Beginners,Web Development,Free,Advanced,0.0,40.07,2.67,True
TC00025,CR00054,6,Justin Pham,29,Male,Web Development,4,2.17,Backend Development with Node.js,Web Development,Free,Beginner,0.0,48.57,3.32,True
TC00025,CR00055,5,Justin Pham,29,Male,Web Development,4,2.17,Full-Stack Web Development,Web Development,Paid,Advanced,57.32,43.95,4.74,True
TC00026,CR00001,2,Patrick Wilson,29,Male,Web Development,1,2.83,Python Basics,Programming,Paid,Beginner,472.28,11.0,4.74,False
TC00026,CR00002,2,Patrick Wilson,29,Male,Web Development,1,2.83,Java Programming,Programming,Free,Intermediate,0.0,37.7,2.43,False
TC00026,CR00004,1,Patrick Wilson,29,Male,Web Development,1,2.83,Advanced Python,Programming,Free,Beginner,0.0,45.13,2.88,False
TC00026,CR00016,1,Patrick Wilson,29,Male,Web Development,1,2.83,Digital Marketing,Marketing,Free,Intermediate,0.0,42.68,4.72,False
TC00026,CR00019,2,Patrick Wilson,29,Male,Web Development,1,2.83,Content Marketing,Marketing,Free,Advanced,0.0,18.0,2.98,False
TC00026,CR00020,2,Patrick Wilson,29,Male,Web Development,1,2.83,Email Marketing,Marketing,Free,Intermediate,0.0,46.25,4.11,False
TC00026,CR00026,2,Patrick Wilson,29,Male,Web Development,1,2.83,Intro to Machine Learning,Machine Learning,Free,Intermediate,0.0,47.7,4.73,False
TC00026,CR00028,2,Patrick Wilson,29,Male,Web Development,1,2.83,Deep Learning,Machine Learning,Paid,Advanced,0.78,44.96,3.89,False
TC00026,CR00029,1,Patrick Wilson,29,Male,Web Development,1,2.83,Natural Language Processing,Machine Learning,Free,Beginner,0.0,16.33,1.13,False
TC00026,CR00030,1,Patrick Wilson,29,Male,Web Development,1,2.83,Reinforcement Learning,Machine Learning,Free,Intermediate,0.0,38.49,1.73,False
TC00026,CR00051,3,Patrick Wilson,29,Male,Web Development,1,2.83,HTML & CSS,Web Development,Paid,Advanced,37.89,24.11,1.3,True
TC00026,CR00052,6,Patrick Wilson,29,Male,Web Development,1,2.83,JavaScript Mastery,Web Development,Free,Beginner,0.0,40.76,2.2,True
TC00026,CR00053,10,Patrick Wilson,29,Male,Web Development,1,2.83,React for Beginners,Web Development,Free,Advanced,0.0,40.07,2.67,True
TC00026,CR00054,8,Patrick Wilson,29,Male,Web Development,1,2.83,Backend Development with Node.js,Web Development,Free,Beginner,0.0,48.57,3.32,True
TC00026,CR00055,8,Patrick Wilson,29,Male,Web Development,1,2.83,Full-Stack Web Development,Web Development,Paid,Advanced,57.32,43.95,4.74,True
TC00027,CR00001,1,Laurie Michael,44,Female,Artificial Intelligence,3,1.55,Python Basics,Programming,Paid,Beginner,472.28,11.0,4.74,False
TC00027,CR00016,1,Laurie Michael,44,Female,Artificial Intelligence,3,1.55,Digital Marketing,Marketing,Free,Intermediate,0.0,42.68,4.72,False
TC00027,CR00017,2,Laurie Michael,44,Female,Artificial Intelligence,3,1.55,SEO Mastery,Marketing,Free,Advanced,0.0,29.37,4.79,False
TC00027,CR00018,1,Laurie Michael,44,Female,Artificial Intelligence,3,1.55,Social Media Marketing,Marketing,Free,Advanced,0.0,15.44,2.01,False
TC00027,CR00020,3,Laurie Michael,44,Female,Artificial Intelligence,3,1.55,Email Marketing,Marketing,Free,Intermediate,0.0,46.25,4.11,False
TC00027,CR00027,4,Laurie Michael,44,Female,Artificial Intelligence,3,1.55,Neural Networks,Machine Learning,Free,Advanced,0.0,9.3,1.81,False
TC00027,CR00028,1,Laurie Michael,44,Female,Artificial Intelligence,3,1.55,Deep Learning,Machine Learning,Paid,Advanced,0.78,44.96,3.89,False
TC00027,CR00029,1,Laurie Michael,44,Female,Artificial Intelligence,3,1.55,Natural Language Processing,Machine Learning,Free,Beginner,0.0,16.33,1.13,False
TC00027,CR00046,21,Laurie Michael,44,Female,Artificial Intelligence,3,1.55,AI for Beginners,Artificial Intelligence,Paid,Beginner,248.1,9.4,1.2,True
TC00027,CR00047,23,Laurie Michael,44,Female,Artificial Intelligence,3,1.55,Natural Language Processing,Artificial Intelligence,Paid,Intermediate,89.59,1.55,2.68,True
TC00027,CR00048,27,Laurie Michael,44,Female,Artificial Intelligence,3,1.55,AI Ethics,Artificial Intelligence,Free,Beginner,0.0,42.7,3.64,True
TC00027,CR00049,21,Laurie Michael,44,Female,Artificial Intelligence,3,1.55,Deep Learning,Artificial Intelligence,Paid,Intermediate,415.51,28.33,3.11,True
TC00027,CR00050,27,Laurie Michael,44,Female,Artificial Intelligence,3,1.55,Computer Vision,Artificial Intelligence,Paid,Beginner,490.9,7.55,4.55,True
TC00028,CR00001,2,Timothy Bailey,27,Female,Business,3,1.06,Python Basics,Programming,Paid,Beginner,472.28,11.0,4.74,False
TC00028,CR00002,3,Timothy Bailey,27,Female,Business,3,1.06,Java Programming,Programming,Free,Intermediate,0.0,37.7,2.43,False
TC00028,CR00003,1,Timothy Bailey,27,Female,Business,3,1.06,C++ for Beginners,Programming,Free,Beginner,0.0,19.53,3.85,False
TC00028,CR00004,1,Timothy Bailey,27,Female,Business,3,1.06,Advanced Python,Programming,Free,Beginner,0.0,45.13,2.88,False
TC00028,CR00005,1,Timothy Bailey,27,Female,Business,3,1.06,Full Stack Development,Programming,Free,Beginner,0.0,28.68,1.28,False
TC00028,CR00011,24,Timothy Bailey,27,Female,Business,3,1.06,Entrepreneurship 101,Business,Paid,Intermediate,326.02,11.31,2.69,True
TC00028,CR00012,30,Timothy Bailey,27,Female,Business,3,1.06,Business Strategy,Business,Paid,Advanced,487.92,36.01,3.64,True
TC00028,CR00013,30,Timothy Bailey,27,Female,Business,3,1.06,Finance for Startups,Business,Free,Advanced,0.0,15.84,2.0,True
TC00028,CR00014,34,Timothy Bailey,27,Female,Business,3,1.06,Sales Mastery,Business,Free,Advanced,0.0,22.29,3.15,True
TC00028,CR00015,27,Timothy Bailey,27,Female,Business,3,1.06,Leadership Essentials,Business,Paid,Beginner,285.05,34.78,1.96,True
TC00028,CR00016,1,Timothy Bailey,27,Female,Business,3,1.06,Digital Marketing,Marketing,Free,Intermediate,0.0,42.68,4.72,False
TC00028,CR00017,1,Timothy Bailey,27,Female,Business,3,1.06,SEO Mastery,Marketing,Free,Advanced,0.0,29.37,4.79,False
TC00028,CR00019,2,Timothy Bailey,27,Female,Business,3,1.06,Content Marketing,Marketing,Free,Advanced,0.0,18.0,2.98,False
TC00028,CR00020,2,Timothy Bailey,27,Female,Business,3,1.06,Email Marketing,Marketing,Free,Intermediate,0.0,46.25,4.11,False
TC00028,CR00027,1,Timothy Bailey,27,Female,Business,3,1.06,Neural Networks,Machine Learning,Free,Advanced,0.0,9.3,1.81,False
TC00028,CR00029,1,Timothy Bailey,27,Female,Business,3,1.06,Natural Language Processing,Machine Learning,Free,Beginner,0.0,16.33,1.13,False
TC00029,CR00004,1,David Webb,50,Male,Artificial Intelligence,2,3.1,Advanced Python,Programming,Free,Beginner,0.0,45.13,2.88,False
TC00029,CR00005,3,David Webb,50,Male,Artificial Intelligence,2,3.1,Full Stack Development,Programming,Free,Beginner,0.0,28.68,1.28,False
TC00029,CR00006,1,David Webb,50,Male,Artificial Intelligence,2,3.1,Graphic Design Basics,Design,Paid,Advanced,276.37,48.84,2.72,False
TC00029,CR00007,1,David Webb,50,Male,Artificial Intelligence,2,3.1,UI/UX Design,Design,Free,Advanced,0.0,48.68,2.61,False
TC00029,CR00009,2,David Webb,50,Male,Artificial Intelligence,2,3.1,Web Design Fundamentals,Design,Free,Beginner,0.0,48.19,4.51,False
TC00029,CR00010,1,David Webb,50,Male,Artificial Intelligence,2,3.1,3D Modeling,Design,Free,Advanced,0.0,15.29,4.45,False
TC00029,CR00016,2,David Webb,50,Male,Artificial Intelligence,2,3.1,Digital Marketing,Marketing,Free,Intermediate,0.0,42.68,4.72,False
TC00029,CR00017,2,David Webb,50,Male,Artificial Intelligence,2,3.1,SEO Mastery,Marketing,Free,Advanced,0.0,29.37,4.79,False
TC00029,CR00018,1,David Webb,50,Male,Artificial Intelligence,2,3.1,Social Media Marketing,Marketing,Free,Advanced,0.0,15.44,2.01,False
TC00029,CR00046,4,David Webb,50,Male,Artificial Intelligence,2,3.1,AI for Beginners,Artificial Intelligence,Paid,Beginner,248.1,9.4,1.2,True
TC00029,CR00047,10,David Webb,50,Male,Artificial Intelligence,2,3.1,Natural Language Processing,Artificial Intelligence,Paid,Intermediate,89.59,1.55,2.68,True
TC00029,CR00048,11,David Webb,50,Male,Artificial Intelligence,2,3.1,AI Ethics,Artificial Intelligence,Free,Beginner,0.0,42.7,3.64,True
TC00029,CR00049,10,David Webb,50,Male,Artificial Intelligence,2,3.1,Deep Learning,Artificial Intelligence,Paid,Intermediate,415.51,28.33,3.11,True
TC00029,CR00050,10,David Webb,50,Male,Artificial Intelligence,2,3.1,Computer Vision,Artificial Intelligence,Paid,Beginner,490.9,7.55,4.55,True
TC00029,CR00051,1,David Webb,50,Male,Artificial Intelligence,2,3.1,HTML & CSS,Web Development,Paid,Advanced,37.89,24.11,1.3,False
TC00029,CR00053,3,David Webb,50,Male,Artificial Intelligence,2,3.1,React for Beginners,Web Development,Free,Advanced,0.0,40.07,2.67,False
TC00029,CR00054,2,David Webb,50,Male,Artificial Intelligence,2,3.1,Backend Development with Node.js,Web Development,Free,Beginner,0.0,48.57,3.32,False
TC00029,CR00055,1,David Webb,50,Male,Artificial Intelligence,2,3.1,Full-Stack Web Development,Web Development,Paid,Advanced,57.32,43.95,4.74,False
TC00030,CR00001,1,David Aguirre,50,Male,Artificial Intelligence,6,3.01,Python Basics,Programming,Paid,Beginner,472.28,11.0,4.74,False
TC00030,CR00004,1,David Aguirre,50,Male,Artificial Intelligence,6,3.01,Advanced Python,Programming,Free,Beginner,0.0,45.13,2.88,False
TC00030,CR00005,1,David Aguirre,50,Male,Artificial Intelligence,6,3.01,Full Stack Development,Programming,Free,Beginner,0.0,28.68,1.28,False
TC00030,CR00007,2,David Aguirre,50,Male,Artificial Intelligence,6,3.01,UI/UX Design,Design,Free,Advanced,0.0,48.68,2.61,False
TC00030,CR00009,2,David Aguirre,50,Male,Artificial Intelligence,6,3.01,Web Design Fundamentals,Design,Free,Beginner,0.0,48.19,4.51,False
TC00030,CR00010,1,David Aguirre,50,Male,Artificial Intelligence,6,3.01,3D Modeling,Design,Free,Advanced,0.0,15.29,4.45,False
TC00030,CR00016,1,David Aguirre,50,Male,Artificial Intelligence,6,3.01,Digital Marketing,Marketing,Free,Intermediate,0.0,42.68,4.72,False
TC00030,CR00017,1,David Aguirre,50,Male,Artificial Intelligence,6,3.01,SEO Mastery,Marketing,Free,Advanced,0.0,29.37,4.79,False
TC00030,CR00019,2,David Aguirre,50,Male,Artificial Intelligence,6,3.01,Content Marketing,Marketing,Free,Advanced,0.0,18.0,2.98,False
TC00030,CR00020,2,David Aguirre,50,Male,Artificial Intelligence,6,3.01,Email Marketing,Marketing,Free,Intermediate,0.0,46.25,4.11,False
TC00030,CR00046,5,David Aguirre,50,Male,Artificial Intelligence,6,3.01,AI for Beginners,Artificial Intelligence,Paid,Beginner,248.1,9.4,1.2,True
TC00030,CR00047,11,David Aguirre,50,Male,Artificial Intelligence,6,3.01,Natural Language Processing,Artificial Intelligence,Paid,Intermediate,89.59,1.55,2.68,True
TC00030,CR00048,3,David Aguirre,50,Male,Artificial Intelligence,6,3.01,AI Ethics,Artificial Intelligence,Free,Beginner,0.0,42.7,3.64,True
TC00030,CR00049,8,David Aguirre,50,Male,Artificial Intelligence,6,3.01,Deep Learning,Artificial Intelligence,Paid,Intermediate,415.51,28.33,3.11,True
TC00030,CR00050,10,David Aguirre,50,Male,Artificial Intelligence,6,3.01,Computer Vision,Artificial Intelligence,Paid,Beginner,490.9,7.55,4.55,True
TC00030,CR00051,1,David Aguirre,50,Male,Artificial Intelligence,6,3.01,HTML & CSS,Web Development,Paid,Advanced,37.89,24.11,1.3,False
TC00030,CR00053,2,David Aguirre,50,Male,Artificial Intelligence,6,3.01,React for Beginners,Web Development,Free,Advanced,0.0,40.07,2.67,False
TC00031,CR00001,2,Brenda Mercer,47,Female,Cybersecurity,1,1.86,Python Basics,Programming,Paid,Beginner,472.28,11.0,4.74,False
TC00031,CR00003,1,Brenda Mercer,47,Female,Cybersecurity,1,1.86,C++ for Beginners,Programming,Free,Beginner,0.0,19.53,3.85,False
TC00031,CR00005,1,Brenda Mercer,47,Female,Cybersecurity,1,1.86,Full Stack Development,Programming,Free,Beginner,0.0,28.68,1.28,False
TC00031,CR00016,1,Brenda Mercer,47,Female,Cybersecurity,1,1.86,Digital Marketing,Marketing,Free,Intermediate,0.0,42.68,4.72,False
TC00031,CR00018,2,Brenda Mercer,47,Female,Cybersecurity,1,1.86,Social Media Marketing,Marketing,Free,Advanced,0.0,15.44,2.01,False
TC00031,CR00019,2,Brenda Mercer,47,Female,Cybersecurity,1,1.86,Content Marketing,Marketing,Free,Advanced,0.0,18.0,2.98,False
TC00031,CR00020,1,Brenda Mercer,47,Female,Cybersecurity,1,1.86,Email Marketing,Marketing,Free,Intermediate,0.0,46.25,4.11,False
TC00031,CR00026,4,Brenda Mercer,47,Female,Cybersecurity,1,1.86,Intro to Machine Learning,Machine Learning,Free,Intermediate,0.0,47.7,4.73,False
TC00031,CR00028,3,Brenda Mercer,47,Female,Cybersecurity,1,1.86,Deep Learning,Machine Learning,Paid,Advanced,0.78,44.96,3.89,False
TC00031,CR00030,1,Brenda Mercer,47,Female,Cybersecurity,1,1.86,Reinforcement Learning,Machine Learning,Free,Intermediate,0.0,38.49,1.73,False
TC00031,CR00031,33,Brenda Mercer,47,Female,Cybersecurity,1,1.86,Network Security,Cybersecurity,Free,Intermediate,0.0,26.52,1.91,True
TC00031,CR00032,29,Brenda Mercer,47,Female,Cybersecurity,1,1.86,Ethical Hacking,Cybersecurity,Free,Advanced,0.0,16.74,2.38,True
TC00031,CR00033,33,Brenda Mercer,47,Female,Cybersecurity,1,1.86,Cybersecurity Fundamentals,Cybersecurity,Free,Intermediate,0.0,48.25,3.93,True
TC00031,CR00034,21,Brenda Mercer,47,Female,Cybersecurity,1,1.86,Data Encryption,Cybersecurity,Paid,Intermediate,394.26,47.44,1.35,True
TC00031,CR00035,30,Brenda Mercer,47,Female,Cybersecurity,1,1.86,Cyber Threat Intelligence,Cybersecurity,Free,Beginner,0.0,42.59,4.94,True
TC00032,CR00004,1,James Holder,44,Male,Cybersecurity,1,3.11,Advanced Python,Programming,Free,Beginner,0.0,45.13,2.88,False
TC00032,CR00005,1,James Holder,44,Male,Cybersecurity,1,3.11,Full Stack Development,Programming,Free,Beginner,0.0,28.68,1.28,False
TC00032,CR00006,1,James Holder,44,Male,Cybersecurity,1,3.11,Graphic Design Basics,Design,Paid,Advanced,276.37,48.84,2.72,False
TC00032,CR00009,2,James Holder,44,Male,Cybersecurity,1,3.11,Web Design Fundamentals,Design,Free,Beginner,0.0,48.19,4.51,False
TC00032,CR00010,1,James Holder,44,Male,Cybersecurity,1,3.11,3D Modeling,Design,Free,Advanced,0.0,15.29,4.45,False
TC00032,CR00016,1,James Holder,44,Male,Cybersecurity,1,3.11,Digital Marketing,Marketing,Free,Intermediate,0.0,42.68,4.72,False
TC00032,CR00031,6,James Holder,44,Male,Cybersecurity,1,3.11,Network Security,Cybersecurity,Free,Intermediate,0.0,26.52,1.91,True
TC00032,CR00032,1,James Holder,44,Male,Cybersecurity,1,3.11,Ethical Hacking,Cybersecurity,Free,Advanced,0.0,16.74,2.38,True
TC00032,CR00033,4,James Holder,44,Male,Cybersecurity,1,3.11,Cybersecurity Fundamentals,Cybersecurity,Free,Intermediate,0.0,48.25,3.93,True
TC00032,CR00034,5,James Holder,44,Male,Cybersecurity,1,3.11,Data Encryption,Cybersecurity,Paid,Intermediate,394.26,47.44,1.35,True
TC00032,CR00035,7,James Holder,44,Male,Cybersecurity,1,3.11,Cyber Threat Intelligence,Cybersecurity,Free,Beginner,0.0,42.59,4.94,True
TC00032,CR00051,1,James Holder,44,Male,Cybersecurity,1,3.11,HTML & CSS,Web Development,Paid,Advanced,37.89,24.11,1.3,False
TC00032,CR00052,2,James Holder,44,Male,Cybersecurity,1,3.11,JavaScript Mastery,Web Development,Free,Beginner,0.0,40.76,2.2,False
TC00032,CR00054,1,James Holder,44,Male,Cybersecurity,1,3.11,Backend Development with Node.js,Web Development,Free,Beginner,0.0,48.57,3.32,False
TC00032,CR00055,2,James Holder,44,Male,Cybersecurity,1,3.11,Full-Stack Web Development,Web Development,Paid,Advanced,57.32,43.95,4.74,False
TC00033,CR00006,27,Wesley Garcia,39,Female,Design,12,4.04,Graphic Design Basics,Design,Paid,Advanced,276.37,48.84,2.72,True
TC00033,CR00007,26,Wesley Garcia,39,Female,Design,12,4.04,UI/UX Design,Design,Free,Advanced,0.0,48.68,2.61,True
TC00033,CR00008,21,Wesley Garcia,39,Female,Design,12,4.04,Photoshop Mastery,Design,Free,Advanced,0.0,2.87,1.52,True
TC00033,CR00009,29,Wesley Garcia,39,Female,Design,12,4.04,Web Design Fundamentals,Design,Free,Beginner,0.0,48.19,4.51,True
TC00033,CR00010,28,Wesley Garcia,39,Female,Design,12,4.04,3D Modeling,Design,Free,Advanced,0.0,15.29,4.45,True
TC00033,CR00011,4,Wesley Garcia,39,Female,Design,12,4.04,Entrepreneurship 101,Business,Paid,Intermediate,326.02,11.31,2.69,False
TC00033,CR00012,1,Wesley Garcia,39,Female,Design,12,4.04,Business Strategy,Business,Paid,Advanced,487.92,36.01,3.64,False
TC00033,CR00015,1,Wesley Garcia,39,Female,Design,12,4.04,Leadership Essentials,Business,Paid,Beginner,285.05,34.78,1.96,False
TC00034,CR00003,1,Brandon Dawson,38,Male,Web Development,3,2.79,C++ for Beginners,Programming,Free,Beginner,0.0,19.53,3.85,False
TC00034,CR00016,3,Brandon Dawson,38,Male,Web Development,3,2.79,Digital Marketing,Marketing,Free,Intermediate,0.0,42.68,4.72,False
TC00034,CR00017,3,Brandon Dawson,38,Male,Web Development,3,2.79,SEO Mastery,Marketing,Free,Advanced,0.0,29.37,4.79,False
TC00034,CR00018,1,Brandon Dawson,38,Male,Web Development,3,2.79,Social Media Marketing,Marketing,Free,Advanced,0.0,15.44,2.01,False
TC00034,CR00020,1,Brandon Dawson,38,Male,Web Development,3,2.79,Email Marketing,Marketing,Free,Intermediate,0.0,46.25,4.11,False
TC00034,CR00026,1,Brandon Dawson,38,Male,Web Development,3,2.79,Intro to Machine Learning,Machine Learning,Free,Intermediate,0.0,47.7,4.73,False
TC00034,CR00027,2,Brandon Dawson,38,Male,Web Development,3,2.79,Neural Networks,Machine Learning,Free,Advanced,0.0,9.3,1.81,False
TC00034,CR00028,2,Brandon Dawson,38,Male,Web Development,3,2.79,Deep Learning,Machine Learning,Paid,Advanced,0.78,44.96,3.89,False
TC00034,CR00029,1,Brandon Dawson,38,Male,Web Development,3,2.79,Natural Language Processing,Machine Learning,Free,Beginner,0.0,16.33,1.13,False
TC00034,CR00030,3,Brandon Dawson,38,Male,Web Development,3,2.79,Reinforcement Learning,Machine Learning,Free,Intermediate,0.0,38.49,1.73,False
TC00034,CR00051,8,Brandon Dawson,38,Male,Web Development,3,2.79,HTML & CSS,Web Development,Paid,Advanced,37.89,24.11,1.3,True
TC00034,CR00052,3,Brandon Dawson,38,Male,Web Development,3,2.79,JavaScript Mastery,Web Development,Free,Beginner,0.0,40.76,2.2,True
TC00034,CR00053,8,Brandon Dawson,38,Male,Web Development,3,2.79,React for Beginners,Web Development,Free,Advanced,0.0,40.07,2.67,True
TC00034,CR00054,8,Brandon Dawson,38,Male,Web Development,3,2.79,Backend Development with Node.js,Web Development,Free,Beginner,0.0,48.57,3.32,True
TC00034,CR00055,6,Brandon Dawson,38,Male,Web Development,3,2.79,Full-Stack Web Development,Web Development,Paid,Advanced,57.32,43.95,4.74,True
TC00035,CR00001,1,Sharon Jackson,27,Male,Digital Marketing,5,3.13,Python Basics,Programming,Paid,Beginner,472.28,11.0,4.74,False
TC00035,CR00003,3,Sharon Jackson,27,Male,Digital Marketing,5,3.13,C++ for Beginners,Programming,Free,Beginner,0.0,19.53,3.85,False
TC00035,CR00006,2,Sharon Jackson,27,Male,Digital Marketing,5,3.13,Graphic Design Basics,Design,Paid,Advanced,276.37,48.84,2.72,False
TC00035,CR00007,1,Sharon Jackson,27,Male,Digital Marketing,5,3.13,UI/UX Design,Design,Free,Advanced,0.0,48.68,2.61,False
TC00035,CR00010,2,Sharon Jackson,27,Male,Digital Marketing,5,3.13,3D Modeling,Design,Free,Advanced,0.0,15.29,4.45,False
TC00035,CR00017,2,Sharon Jackson,27,Male,Digital Marketing,5,3.13,SEO Mastery,Marketing,Free,Advanced,0.0,29.37,4.79,False
TC00035,CR00051,1,Sharon Jackson,27,Male,Digital Marketing,5,3.13,HTML & CSS,Web Development,Paid,Advanced,37.89,24.11,1.3,False
TC00035,CR00053,1,Sharon Jackson,27,Male,Digital Marketing,5,3.13,React for Beginners,Web Development,Free,Advanced,0.0,40.07,2.67,False
TC00035,CR00054,1,Sharon Jackson,27,Male,Digital Marketing,5,3.13,Backend Development with Node.js,Web Development,Free,Beginner,0.0,48.57,3.32,False
TC00035,CR00056,3,Sharon Jackson,27,Male,Digital Marketing,5,3.13,Google Ads Mastery,Digital Marketing,Paid,Advanced,212.39,22.89,3.15,True
TC00035,CR00057,7,Sharon Jackson,27,Male,Digital Marketing,5,3.13,SEO for E-commerce,Digital Marketing,Paid,Advanced,177.34,49.73,3.89,True
TC00035,CR00058,5,Sharon Jackson,27,Male,Digital Marketing,5,3.13,Social Media Strategy,Digital Marketing,Free,Beginner,0.0,1.46,4.44,True
TC00035,CR00059,6,Sharon Jackson,27,Male,Digital Marketing,5,3.13,Affiliate Marketing,Digital Marketing,Free,Intermediate,0.0,5.95,4.66,True
TC00035,CR00060,3,Sharon Jackson,27,Male,Digital Marketing,5,3.13,Content Creation,Digital Marketing,Free,Beginner,0.0,8.95,2.14,True
TC00036,CR00001,1,Brenda Mclean,28,Male,Digital Marketing,4,1.39,Python Basics,Programming,Paid,Beginner,472.28,11.0,4.74,False
TC00036,CR00003,2,Brenda Mclean,28,Male,Digital Marketing,4,1.39,C++ for Beginners,Programming,Free,Beginner,0.0,19.53,3.85,False
TC00036,CR00004,1,Brenda Mclean,28,Male,Digital Marketing,4,1.39,Advanced Python,Programming,Free,Beginner,0.0,45.13,2.88,False
TC00036,CR00005,2,Brenda Mclean,28,Male,Digital Marketing,4,1.39,Full Stack Development,Programming,Free,Beginner,0.0,28.68,1.28,False
TC00036,CR00016,1,Brenda Mclean,28,Male,Digital Marketing,4,1.39,Digital Marketing,Marketing,Free,Intermediate,0.0,42.68,4.72,False
TC00036,CR00017,2,Brenda Mclean,28,Male,Digital Marketing,4,1.39,SEO Mastery,Marketing,Free,Advanced,0.0,29.37,4.79,False
TC00036,CR00019,1,Brenda Mclean,28,Male,Digital Marketing,4,1.39,Content Marketing,Marketing,Free,Advanced,0.0,18.0,2.98,False
TC00036,CR00027,1,Brenda Mclean,28,Male,Digital Marketing,4,1.39,Neural Networks,Machine Learning,Free,Advanced,0.0,9.3,1.81,False
TC00036,CR00029,1,Brenda Mclean,28,Male,Digital Marketing,4,1.39,Natural Language Processing,Machine Learning,Free,Beginner,0.0,16.33,1.13,False
TC00036,CR00030,1,Brenda Mclean,28,Male,Digital Marketing,4,1.39,Reinforcement Learning,Machine Learning,Free,Intermediate,0.0,38.49,1.73,False
TC00036,CR00056,5,Brenda Mclean,28,Male,Digital Marketing,4,1.39,Google Ads Mastery,Digital Marketing,Paid,Advanced,212.39,22.89,3.15,True
TC00036,CR00057,6,Brenda Mclean,28,Male,Digital Marketing,4,1.39,SEO for E-commerce,Digital Marketing,Paid,Advanced,177.34,49.73,3.89,True
TC00036,CR00058,3,Brenda Mclean,28,Male,Digital Marketing,4,1.39,Social Media Strategy,Digital Marketing,Free,Beginner,0.0,1.46,4.44,True
TC00036,CR00059,9,Brenda Mclean,28,Male,Digital Marketing,4,1.39,Affiliate Marketing,Digital Marketing,Free,Intermediate,0.0,5.95,4.66,True
TC00036,CR00060,10,Brenda Mclean,28,Male,Digital Marketing,4,1.39,Content Creation,Digital Marketing,Free,Beginner,0.0,8.95,2.14,True
TC00037,CR00011,1,Debra Escobar,47,Male,Finance,8,4.39,Entrepreneurship 101,Business,Paid,Intermediate,326.02,11.31,2.69,False
TC00037,CR00012,1,Debra Escobar,47,Male,Finance,8,4.39,Business Strategy,Business,Paid,Advanced,487.92,36.01,3.64,False
TC00037,CR00013,2,Debra Escobar,47,Male,Finance,8,4.39,Finance for Startups,Business,Free,Advanced,0.0,15.84,2.0,False
TC00037,CR00014,1,Debra Escobar,47,Male,Finance,8,4.39,Sales Mastery,Business,Free,Advanced,0.0,22.29,3.15,False
TC00037,CR00015,1,Debra Escobar,47,Male,Finance,8,4.39,Leadership Essentials,Business,Paid,Beginner,285.05,34.78,1.96,False
TC00037,CR00041,16,Debra Escobar,47,Male,Finance,8,4.39,Financial Accounting,Finance,Paid,Beginner,53.86,47.08,2.47,True
TC00037,CR00042,30,Debra Escobar,47,Male,Finance,8,4.39,Investment Strategies,Finance,Free,Intermediate,0.0,34.83,4.1,True
TC00037,CR00043,18,Debra Escobar,47,Male,Finance,8,4.39,Corporate Finance,Finance,Free,Beginner,0.0,31.77,4.14,True
TC00037,CR00044,26,Debra Escobar,47,Male,Finance,8,4.39,Personal Finance,Finance,Paid,Intermediate,119.04,23.41,2.75,True
TC00037,CR00045,21,Debra Escobar,47,Male,Finance,8,4.39,Financial Modeling,Finance,Free,Advanced,0.0,6.36,1.59,True
TC00038,CR00001,1,Jeffrey Clark,43,Male,Digital Marketing,1,2.38,Python Basics,Programming,Paid,Beginner,472.28,11.0,4.74,False
TC00038,CR00003,3,Jeffrey Clark,43,Male,Digital Marketing,1,2.38,C++ for Beginners,Programming,Free,Beginner,0.0,19.53,3.85,False
TC00038,CR00004,2,Jeffrey Clark,43,Male,Digital Marketing,1,2.38,Advanced Python,Programming,Free,Beginner,0.0,45.13,2.88,False
TC00038,CR00005,1,Jeffrey Clark,43,Male,Digital Marketing,1,2.38,Full Stack Development,Programming,Free,Beginner,0.0,28.68,1.28,False
TC00038,CR00016,1,Jeffrey Clark,43,Male,Digital Marketing,1,2.38,Digital Marketing,Marketing,Free,Intermediate,0.0,42.68,4.72,False
TC00038,CR00017,1,Jeffrey Clark,43,Male,Digital Marketing,1,2.38,SEO Mastery,Marketing,Free,Advanced,0.0,29.37,4.79,False
TC00038,CR00018,3,Jeffrey Clark,43,Male,Digital Marketing,1,2.38,Social Media Marketing,Marketing,Free,Advanced,0.0,15.44,2.01,False
TC00038,CR00020,2,Jeffrey Clark,43,Male,Digital Marketing,1,2.38,Email Marketing,Marketing,Free,Intermediate,0.0,46.25,4.11,False
TC00038,CR00026,3,Jeffrey Clark,43,Male,Digital Marketing,1,2.38,Intro to Machine Learning,Machine Learning,Free,Intermediate,0.0,47.7,4.73,False
TC00038,CR00027,2,Jeffrey Clark,43,Male,Digital Marketing,1,2.38,Neural Networks,Machine Learning,Free,Advanced,0.0,9.3,1.81,False
TC00038,CR00028,4,Jeffrey Clark,43,Male,Digital Marketing,1,2.38,Deep Learning,Machine Learning,Paid,Advanced,0.78,44.96,3.89,False
TC00038,CR00029,3,Jeffrey Clark,43,Male,Digital Marketing,1,2.38,Natural Language Processing,Machine Learning,Free,Beginner,0.0,16.33,1.13,False
TC00038,CR00030,2,Jeffrey Clark,43,Male,Digital Marketing,1,2.38,Reinforcement Learning,Machine Learning,Free,Intermediate,0.0,38.49,1.73,False
TC00038,CR00056,9,Jeffrey Clark,43,Male,Digital Marketing,1,2.38,Google Ads Mastery,Digital Marketing,Paid,Advanced,212.39,22.89,3.15,True
TC00038,CR00057,8,Jeffrey Clark,43,Male,Digital Marketing,1,2.38,SEO for E-commerce,Digital Marketing,Paid,Advanced,177.34,49.73,3.89,True
TC00038,CR00058,8,Jeffrey Clark,43,Male,Digital Marketing,1,2.38,Social Media Strategy,Digital Marketing,Free,Beginner,0.0,1.46,4.44,True
TC00038,CR00059,10,Jeffrey Clark,43,Male,Digital Marketing,1,2.38,Affiliate Marketing,Digital Marketing,Free,Intermediate,0.0,5.95,4.66,True
TC00038,CR00060,7,Jeffrey Clark,43,Male,Digital Marketing,1,2.38,Content Creation,Digital Marketing,Free,Beginner,0.0,8.95,2.14,True
TC00039,CR00001,1,Elizabeth Bishop,34,Male,Finance,7,3.31,Python Basics,Programming,Paid,Beginner,472.28,11.0,4.74,False
TC00039,CR00002,1,Elizabeth Bishop,34,Male,Finance,7,3.31,Java Programming,Programming,Free,Intermediate,0.0,37.7,2.43,False
TC00039,CR00003,1,Elizabeth Bishop,34,Male,Finance,7,3.31,C++ for Beginners,Programming,Free,Beginner,0.0,19.53,3.85,False
TC00039,CR00004,3,Elizabeth Bishop,34,Male,Finance,7,3.31,Advanced Python,Programming,Free,Beginner,0.0,45.13,2.88,False
TC00039,CR00007,1,Elizabeth Bishop,34,Male,Finance,7,3.31,UI/UX Design,Design,Free,Advanced,0.0,48.68,2.61,False
TC00039,CR00008,1,Elizabeth Bishop,34,Male,Finance,7,3.31,Photoshop Mastery,Design,Free,Advanced,0.0,2.87,1.52,False
TC00039,CR00010,2,Elizabeth Bishop,34,Male,Finance,7,3.31,3D Modeling,Design,Free,Advanced,0.0,15.29,4.45,False
TC00039,CR00017,1,Elizabeth Bishop,34,Male,Finance,7,3.31,SEO Mastery,Marketing,Free,Advanced,0.0,29.37,4.79,False
TC00039,CR00018,1,Elizabeth Bishop,34,Male,Finance,7,3.31,Social Media Marketing,Marketing,Free,Advanced,0.0,15.44,2.01,False
TC00039,CR00019,1,Elizabeth Bishop,34,Male,Finance,7,3.31,Content Marketing,Marketing,Free,Advanced,0.0,18.0,2.98,False
TC00039,CR00041,5,Elizabeth Bishop,34,Male,Finance,7,3.31,Financial Accounting,Finance,Paid,Beginner,53.86,47.08,2.47,True
TC00039,CR00042,9,Elizabeth Bishop,34,Male,Finance,7,3.31,Investment Strategies,Finance,Free,Intermediate,0.0,34.83,4.1,True
TC00039,CR00043,8,Elizabeth Bishop,34,Male,Finance,7,3.31,Corporate Finance,Finance,Free,Beginner,0.0,31.77,4.14,True
TC00039,CR00045,3,Elizabeth Bishop,34,Male,Finance,7,3.31,Financial Modeling,Finance,Free,Advanced,0.0,6.36,1.59,True
TC00039,CR00053,1,Elizabeth Bishop,34,Male,Finance,7,3.31,React for Beginners,Web Development,Free,Advanced,0.0,40.07,2.67,False
TC00039,CR00054,2,Elizabeth Bishop,34,Male,Finance,7,3.31,Backend Development with Node.js,Web Development,Free,Beginner,0.0,48.57,3.32,False
TC00040,CR00001,46,Kimberly Miller,49,Male,Cybersecurity,24,4.58,Python Basics,Programming,Paid,Beginner,472.28,11.0,4.74,False
TC00040,CR00002,47,Kimberly Miller,49,Male,Cybersecurity,24,4.58,Java Programming,Programming,Free,Intermediate,0.0,37.7,2.43,False
TC00040,CR00003,69,Kimberly Miller,49,Male,Cybersecurity,24,4.58,C++ for Beginners,Programming,Free,Beginner,0.0,19.53,3.85,False
TC00040,CR00004,47,Kimberly Miller,49,Male,Cybersecurity,24,4.58,Advanced Python,Programming,Free,Beginner,0.0,45.13,2.88,False
TC00040,CR00005,52,Kimberly Miller,49,Male,Cybersecurity,24,4.58,Full Stack Development,Programming,Free,Beginner,0.0,28.68,1.28,False
TC00040,CR00006,43,Kimberly Miller,49,Male,Cybersecurity,24,4.58,Graphic Design Basics,Design,Paid,Advanced,276.37,48.84,2.72,False
TC00040,CR00007,52,Kimberly Miller,49,Male,Cybersecurity,24,4.58,UI/UX Design,Design,Free,Advanced,0.0,48.68,2.61,False
TC00040,CR00008,45,Kimberly Miller,49,Male,Cybersecurity,24,4.58,Photoshop Mastery,Design,Free,Advanced,0.0,2.87,1.52,False
TC00040,CR00009,38,Kimberly Miller,49,Male,Cybersecurity,24,4.58,Web Design Fundamentals,Design,Free,Beginner,0.0,48.19,4.51,False
TC00040,CR00010,52,Kimberly Miller,49,Male,Cybersecurity,24,4.58,3D Modeling,Design,Free,Advanced,0.0,15.29,4.45,False
TC00040,CR00011,51,Kimberly Miller,49,Male,Cybersecurity,24,4.58,Entrepreneurship 101,Business,Paid,Intermediate,326.02,11.31,2.69,False
TC00040,CR00012,45,Kimberly Miller,49,Male,Cybersecurity,24,4.58,Business Strategy,Business,Paid,Advanced,487.92,36.01,3.64,False
TC00040,CR00013,51,Kimberly Miller,49,Male,Cybersecurity,24,4.58,Finance for Startups,Business,Free,Advanced,0.0,15.84,2.0,False
TC00040,CR00014,54,Kimberly Miller,49,Male,Cybersecurity,24,4.58,Sales Mastery,Business,Free,Advanced,0.0,22.29,3.15,False
TC00040,CR00015,40,Kimberly Miller,49,Male,Cybersecurity,24,4.58,Leadership Essentials,Business,Paid,Beginner,285.05,34.78,1.96,False
TC00040,CR00016,47,Kimberly Miller,49,Male,Cybersecurity,24,4.58,Digital Marketing,Marketing,Free,Intermediate,0.0,42.68,4.72,False
TC00040,CR00017,42,Kimberly Miller,49,Male,Cybersecurity,24,4.58,SEO Mastery,Marketing,Free,Advanced,0.0,29.37,4.79,False
TC00040,CR00018,52,Kimberly Miller,49,Male,Cybersecurity,24,4.58,Social Media Marketing,Marketing,Free,Advanced,0.0,15.44,2.01,False
TC00040,CR00019,53,Kimberly Miller,49,Male,Cybersecurity,24,4.58,Content Marketing,Marketing,Free,Advanced,0.0,18.0,2.98,False
TC00040,CR00020,48,Kimberly Miller,49,Male,Cybersecurity,24,4.58,Email Marketing,Marketing,Free,Intermediate,0.0,46.25,4.11,False
TC00040,CR00021,71,Kimberly Miller,49,Male,Cybersecurity,24,4.58,Data Analysis with Python,Data Science,Free,Intermediate,0.0,1.2,3.6,False
TC00040,CR00022,66,Kimberly Miller,49,Male,Cybersecurity,24,4.58,Data Visualization,Data Science,Free,Beginner,0.0,32.64,3.65,False
TC00040,CR00023,53,Kimberly Miller,49,Male,Cybersecurity,24,4.58,Machine Learning Fundamentals,Data Science,Free,Intermediate,0.0,9.71,3.02,False
TC00040,CR00024,46,Kimberly Miller,49,Male,Cybersecurity,24,4.58,Big Data Analytics,Data Science,Paid,Advanced,117.68,48.09,2.57,False
TC00040,CR00025,54,Kimberly Miller,49,Male,Cybersecurity,24,4.58,Statistical Analysis,Data Science,Paid,Beginner,299.57,48.32,3.74,False
TC00040,CR00031,90,Kimberly Miller,49,Male,Cybersecurity,24,4.58,Network Security,Cybersecurity,Free,Intermediate,0.0,26.52,1.91,True
TC00040,CR00032,93,Kimberly Miller,49,Male,Cybersecurity,24,4.58,Ethical Hacking,Cybersecurity,Free,Advanced,0.0,16.74,2.38,True
TC00040,CR00033,97,Kimberly Miller,49,Male,Cybersecurity,24,4.58,Cybersecurity Fundamentals,Cybersecurity,Free,Intermediate,0.0,48.25,3.93,True
TC00040,CR00034,92,Kimberly Miller,49,Male,Cybersecurity,24,4.58,Data Encryption,Cybersecurity,Paid,Intermediate,394.26,47.44,1.35,True
TC00040,CR00035,103,Kimberly Miller,49,Male,Cybersecurity,24,4.58,Cyber Threat Intelligence,Cybersecurity,Free,Beginner,0.0,42.59,4.94,True
TC00040,CR00036,56,Kimberly Miller,49,Male,Cybersecurity,24,4.58,Agile Project Management,Project Management,Free,Beginner,0.0,15.75,4.68,False
TC00040,CR00037,50,Kimberly Miller,49,Male,Cybersecurity,24,4.58,Scrum Essentials,Project Management,Free,Intermediate,0.0,33.93,3.45,False
TC00040,CR00038,54,Kimberly Miller,49,Male,Cybersecurity,24,4.58,Risk Management,Project Management,Paid,Intermediate,342.61,17.14,4.84,False
TC00040,CR00039,42,Kimberly Miller,49,Male,Cybersecurity,24,4.58,Project Planning,Project Management,Paid,Advanced,346.71,3.42,1.23,False
TC00040,CR00040,57,Kimberly Miller,49,Male,Cybersecurity,24,4.58,Leadership in Projects,Project Management,Paid,Beginner,327.99,12.13,1.51,False
TC00040,CR00041,68,Kimberly Miller,49,Male,Cybersecurity,24,4.58,Financial Accounting,Finance,Paid,Beginner,53.86,47.08,2.47,False
TC00040,CR00042,48,Kimberly Miller,49,Male,Cybersecurity,24,4.58,Investment Strategies,Finance,Free,Intermediate,0.0,34.83,4.1,False
TC00040,CR00043,65,Kimberly Miller,49,Male,Cybersecurity,24,4.58,Corporate Finance,Finance,Free,Beginner,0.0,31.77,4.14,False
TC00040,CR00044,55,Kimberly Miller,49,Male,Cybersecurity,24,4.58,Personal Finance,Finance,Paid,Intermediate,119.04,23.41,2.75,False
TC00040,CR00045,60,Kimberly Miller,49,Male,Cybersecurity,24,4.58,Financial Modeling,Finance,Free,Advanced,0.0,6.36,1.59,False
TC00040,CR00046,49,Kimberly Miller,49,Male,Cybersecurity,24,4.58,AI for Beginners,Artificial Intelligence,Paid,Beginner,248.1,9.4,1.2,False
TC00040,CR00047,47,Kimberly Miller,49,Male,Cybersecurity,24,4.58,Natural Language Processing,Artificial Intelligence,Paid,Intermediate,89.59,1.55,2.68,False
TC00040,CR00048,51,Kimberly Miller,49,Male,Cybersecurity,24,4.58,AI Ethics,Artificial Intelligence,Free,Beginner,0.0,42.7,3.64,False
TC00040,CR00049,39,Kimberly Miller,49,Male,Cybersecurity,24,4.58,Deep Learning,Artificial Intelligence,Paid,Intermediate,415.51,28.33,3.11,False
TC00040,CR00050,54,Kimberly Miller,49,Male,Cybersecurity,24,4.58,Computer Vision,Artificial Intelligence,Paid,Beginner,490.9,7.55,4.55,False
TC00040,CR00051,48,Kimberly Miller,49,Male,Cybersecurity,24,4.58,HTML & CSS,Web Development,Paid,Advanced,37.89,24.11,1.3,False
TC00040,CR00052,40,Kimberly Miller,49,Male,Cybersecurity,24,4.58,JavaScript Mastery,Web Development,Free,Beginner,0.0,40.76,2.2,False
TC00040,CR00053,52,Kimberly Miller,49,Male,Cybersecurity,24,4.58,React for Beginners,Web Development,Free,Advanced,0.0,40.07,2.67,False
TC00040,CR00054,48,Kimberly Miller,49,Male,Cybersecurity,24,4.58,Backend Development with Node.js,Web Development,Free,Beginner,0.0,48.57,3.32,False
TC00040,CR00055,61,Kimberly Miller,49,Male,Cybersecurity,24,4.58,Full-Stack Web Development,Web Development,Paid,Advanced,57.32,43.95,4.74,False
TC00040,CR00056,43,Kimberly Miller,49,Male,Cybersecurity,24,4.58,Google Ads Mastery,Digital Marketing,Paid,Advanced,212.39,22.89,3.15,False
TC00040,CR00057,45,Kimberly Miller,49,Male,Cybersecurity,24,4.58,SEO for E-commerce,Digital Marketing,Paid,Advanced,177.34,49.73,3.89,False
TC00040,CR00058,61,Kimberly Miller,49,Male,Cybersecurity,24,4.58,Social Media Strategy,Digital Marketing,Free,Beginner,0.0,1.46,4.44,False
TC00040,CR00059,44,Kimberly Miller,49,Male,Cybersecurity,24,4.58,Affiliate Marketing,Digital Marketing,Free,Intermediate,0.0,5.95,4.66,False
TC00040,CR00060,49,Kimberly Miller,49,Male,Cybersecurity,24,4.58,Content Creation,Digital Marketing,Free,Beginner,0.0,8.95,2.14,False
TC00041,CR00011,1,Kevin Simpson,46,Male,Artificial Intelligence,7,3.55,Entrepreneurship 101,Business,Paid,Intermediate,326.02,11.31,2.69,False
TC00041,CR00014,3,Kevin Simpson,46,Male,Artificial Intelligence,7,3.55,Sales Mastery,Business,Free,Advanced,0.0,22.29,3.15,False
TC00041,CR00046,5,Kevin Simpson,46,Male,Artificial Intelligence,7,3.55,AI for Beginners,Artificial Intelligence,Paid,Beginner,248.1,9.4,1.2,True
TC00041,CR00047,7,Kevin Simpson,46,Male,Artificial Intelligence,7,3.55,Natural Language Processing,Artificial Intelligence,Paid,Intermediate,89.59,1.55,2.68,True
TC00041,CR00048,11,Kevin Simpson,46,Male,Artificial Intelligence,7,3.55,AI Ethics,Artificial Intelligence,Free,Beginner,0.0,42.7,3.64,True
TC00041,CR00049,10,Kevin Simpson,46,Male,Artificial Intelligence,7,3.55,Deep Learning,Artificial Intelligence,Paid,Intermediate,415.51,28.33,3.11,True
TC00041,CR00050,7,Kevin Simpson,46,Male,Artificial Intelligence,7,3.55,Computer Vision,Artificial Intelligence,Paid,Beginner,490.9,7.55,4.55,True
TC00042,CR00001,63,Yolanda Levine,49,Female,Machine Learning,21,4.97,Python Basics,Programming,Paid,Beginner,472.28,11.0,4.74,False
TC00042,CR00002,51,Yolanda Levine,49,Female,Machine Learning,21,4.97,Java Programming,Programming,Free,Intermediate,0.0,37.7,2.43,False
TC00042,CR00003,39,Yolanda Levine,49,Female,Machine Learning,21,4.97,C++ for Beginners,Programming,Free,Beginner,0.0,19.53,3.85,False
TC00042,CR00004,45,Yolanda Levine,49,Female,Machine Learning,21,4.97,Advanced Python,Programming,Free,Beginner,0.0,45.13,2.88,False
TC00042,CR00005,47,Yolanda Levine,49,Female,Machine Learning,21,4.97,Full Stack Development,Programming,Free,Beginner,0.0,28.68,1.28,False
TC00042,CR00006,52,Yolanda Levine,49,Female,Machine Learning,21,4.97,Graphic Design Basics,Design,Paid,Advanced,276.37,48.84,2.72,False
TC00042,CR00007,51,Yolanda Levine,49,Female,Machine Learning,21,4.97,UI/UX Design,Design,Free,Advanced,0.0,48.68,2.61,False
TC00042,CR00008,51,Yolanda Levine,49,Female,Machine Learning,21,4.97,Photoshop Mastery,Design,Free,Advanced,0.0,2.87,1.52,False
TC00042,CR00009,44,Yolanda Levine,49,Female,Machine Learning,21,4.97,Web Design Fundamentals,Design,Free,Beginner,0.0,48.19,4.51,False
TC00042,CR00010,52,Yolanda Levine,49,Female,Machine Learning,21,4.97,3D Modeling,Design,Free,Advanced,0.0,15.29,4.45,False
TC00042,CR00011,41,Yolanda Levine,49,Female,Machine Learning,21,4.97,Entrepreneurship 101,Business,Paid,Intermediate,326.02,11.31,2.69,False
TC00042,CR00012,58,Yolanda Levine,49,Female,Machine Learning,21,4.97,Business Strategy,Business,Paid,Advanced,487.92,36.01,3.64,False
TC00042,CR00013,47,Yolanda Levine,49,Female,Machine Learning,21,4.97,Finance for Startups,Business,Free,Advanced,0.0,15.84,2.0,False
TC00042,CR00014,43,Yolanda Levine,49,Female,Machine Learning,21,4.97,Sales Mastery,Business,Free,Advanced,0.0,22.29,3.15,False
TC00042,CR00015,68,Yolanda Levine,49,Female,Machine Learning,21,4.97,Leadership Essentials,Business,Paid,Beginner,285.05,34.78,1.96,False
TC00042,CR00016,52,Yolanda Levine,49,Female,Machine Learning,21,4.97,Digital Marketing,Marketing,Free,Intermediate,0.0,42.68,4.72,False
TC00042,CR00017,52,Yolanda Levine,49,Female,Machine Learning,21,4.97,SEO Mastery,Marketing,Free,Advanced,0.0,29.37,4.79,False
TC00042,CR00018,52,Yolanda Levine,49,Female,Machine Learning,21,4.97,Social Media Marketing,Marketing,Free,Advanced,0.0,15.44,2.01,False
TC00042,CR00019,60,Yolanda Levine,49,Female,Machine Learning,21,4.97,Content Marketing,Marketing,Free,Advanced,0.0,18.0,2.98,False
TC00042,CR00020,47,Yolanda Levine,49,Female,Machine Learning,21,4.97,Email Marketing,Marketing,Free,Intermediate,0.0,46.25,4.11,False
TC00042,CR00021,51,Yolanda Levine,49,Female,Machine Learning,21,4.97,Data Analysis with Python,Data Science,Free,Intermediate,0.0,1.2,3.6,False
TC00042,CR00022,50,Yolanda Levine,49,Female,Machine Learning,21,4.97,Data Visualization,Data Science,Free,Beginner,0.0,32.64,3.65,False
TC00042,CR00023,59,Yolanda Levine,49,Female,Machine Learning,21,4.97,Machine Learning Fundamentals,Data Science,Free,Intermediate,0.0,9.71,3.02,False
TC00042,CR00024,56,Yolanda Levine,49,Female,Machine Learning,21,4.97,Big Data Analytics,Data Science,Paid,Advanced,117.68,48.09,2.57,False
TC00042,CR00025,64,Yolanda Levine,49,Female,Machine Learning,21,4.97,Statistical Analysis,Data Science,Paid,Beginner,299.57,48.32,3.74,False
TC00042,CR00026,100,Yolanda Levine,49,Female,Machine Learning,21,4.97,Intro to Machine Learning,Machine Learning,Free,Intermediate,0.0,47.7,4.73,True
TC00042,CR00027,90,Yolanda Levine,49,Female,Machine Learning,21,4.97,Neural Networks,Machine Learning,Free,Advanced,0.0,9.3,1.81,True
TC00042,CR00028,99,Yolanda Levine,49,Female,Machine Learning,21,4.97,Deep Learning,Machine Learning,Paid,Advanced,0.78,44.96,3.89,True
TC00042,CR00029,92,Yolanda Levine,49,Female,Machine Learning,21,4.97,Natural Language Processing,Machine Learning,Free,Beginner,0.0,16.33,1.13,True
TC00042,CR00030,107,Yolanda Levine,49,Female,Machine Learning,21,4.97,Reinforcement Learning,Machine Learning,Free,Intermediate,0.0,38.49,1.73,True
TC00042,CR00036,57,Yolanda Levine,49,Female,Machine Learning,21,4.97,Agile Project Management,Project Management,Free,Beginner,0.0,15.75,4.68,False
TC00042,CR00037,41,Yolanda Levine,49,Female,Machine Learning,21,4.97,Scrum Essentials,Project Management,Free,Intermediate,0.0,33.93,3.45,False
TC00042,CR00038,50,Yolanda Levine,49,Female,Machine Learning,21,4.97,Risk Management,Project Management,Paid,Intermediate,342.61,17.14,4.84,False
TC00042,CR00039,63,Yolanda Levine,49,Female,Machine Learning,21,4.97,Project Planning,Project Management,Paid,Advanced,346.71,3.42,1.23,False
TC00042,CR00040,55,Yolanda Levine,49,Female,Machine Learning,21,4.97,Leadership in Projects,Project Management,Paid,Beginner,327.99,12.13,1.51,False
TC00042,CR00041,48,Yolanda Levine,49,Female,Machine Learning,21,4.97,Financial Accounting,Finance,Paid,Beginner,53.86,47.08,2.47,False
TC00042,CR00042,49,Yolanda Levine,49,Female,Machine Learning,21,4.97,Investment Strategies,Finance,Free,Intermediate,0.0,34.83,4.1,False
TC00042,CR00043,49,Yolanda Levine,49,Female,Machine Learning,21,4.97,Corporate Finance,Finance,Free,Beginner,0.0,31.77,4.14,False
TC00042,CR00044,52,Yolanda Levine,49,Female,Machine Learning,21,4.97,Personal Finance,Finance,Paid,Intermediate,119.04,23.41,2.75,False
TC00042,CR00045,51,Yolanda Levine,49,Female,Machine Learning,21,4.97,Financial Modeling,Finance,Free,Advanced,0.0,6.36,1.59,False
TC00042,CR00046,43,Yolanda Levine,49,Female,Machine Learning,21,4.97,AI for Beginners,Artificial Intelligence,Paid,Beginner,248.1,9.4,1.2,False
TC00042,CR00047,51,Yolanda Levine,49,Female,Machine Learning,21,4.97,Natural Language Processing,Artificial Intelligence,Paid,Intermediate,89.59,1.55,2.68,False
TC00042,CR00048,67,Yolanda Levine,49,Female,Machine Learning,21,4.97,AI Ethics,Artificial Intelligence,Free,Beginner,0.0,42.7,3.64,False
TC00042,CR00049,60,Yolanda Levine,49,Female,Machine Learning,21,4.97,Deep Learning,Artificial Intelligence,Paid,Intermediate,415.51,28.33,3.11,False
TC00042,CR00050,48,Yolanda Levine,49,Female,Machine Learning,21,4.97,Computer Vision,Artificial Intelligence,Paid,Beginner,490.9,7.55,4.55,False
TC00042,CR00051,54,Yolanda Levine,49,Female,Machine Learning,21,4.97,HTML & CSS,Web Development,Paid,Advanced,37.89,24.11,1.3,False
TC00042,CR00052,50,Yolanda Levine,49,Female,Machine Learning,21,4.97,JavaScript Mastery,Web Development,Free,Beginner,0.0,40.76,2.2,False
TC00042,CR00053,42,Yolanda Levine,49,Female,Machine Learning,21,4.97,React for Beginners,Web Development,Free,Advanced,0.0,40.07,2.67,False
TC00042,CR00054,57,Yolanda Levine,49,Female,Machine Learning,21,4.97,Backend Development with Node.js,Web Development,Free,Beginner,0.0,48.57,3.32,False
TC00042,CR00055,49,Yolanda Levine,49,Female,Machine Learning,21,4.97,Full-Stack Web Development,Web Development,Paid,Advanced,57.32,43.95,4.74,False
TC00042,CR00056,46,Yolanda Levine,49,Female,Machine Learning,21,4.97,Google Ads Mastery,Digital Marketing,Paid,Advanced,212.39,22.89,3.15,False
TC00042,CR00057,37,Yolanda Levine,49,Female,Machine Learning,21,4.97,SEO for E-commerce,Digital Marketing,Paid,Advanced,177.34,49.73,3.89,False
TC00042,CR00058,61,Yolanda Levine,49,Female,Machine Learning,21,4.97,Social Media Strategy,Digital Marketing,Free,Beginner,0.0,1.46,4.44,False
TC00042,CR00059,44,Yolanda Levine,49,Female,Machine Learning,21,4.97,Affiliate Marketing,Digital Marketing,Free,Intermediate,0.0,5.95,4.66,False
TC00042,CR00060,54,Yolanda Levine,49,Female,Machine Learning,21,4.97,Content Creation,Digital Marketing,Free,Beginner,0.0,8.95,2.14,False
TC00043,CR00004,1,John Williams,30,Female,Project Management,1,1.05,Advanced Python,Programming,Free,Beginner,0.0,45.13,2.88,False
TC00043,CR00005,3,John Williams,30,Female,Project Management,1,1.05,Full Stack Development,Programming,Free,Beginner,0.0,28.68,1.28,False
TC00043,CR00016,2,John Williams,30,Female,Project Management,1,1.05,Digital Marketing,Marketing,Free,Intermediate,0.0,42.68,4.72,False
TC00043,CR00019,2,John Williams,30,Female,Project Management,1,1.05,Content Marketing,Marketing,Free,Advanced,0.0,18.0,2.98,False
TC00043,CR00020,2,John Williams,30,Female,Project Management,1,1.05,Email Marketing,Marketing,Free,Intermediate,0.0,46.25,4.11,False
TC00043,CR00027,2,John Williams,30,Female,Project Management,1,1.05,Neural Networks,Machine Learning,Free,Advanced,0.0,9.3,1.81,False
TC00043,CR00028,3,John Williams,30,Female,Project Management,1,1.05,Deep Learning,Machine Learning,Paid,Advanced,0.78,44.96,3.89,False
TC00043,CR00029,2,John Williams,30,Female,Project Management,1,1.05,Natural Language Processing,Machine Learning,Free,Beginner,0.0,16.33,1.13,False
TC00043,CR00030,3,John Williams,30,Female,Project Management,1,1.05,Reinforcement Learning,Machine Learning,Free,Intermediate,0.0,38.49,1.73,False
TC00043,CR00036,10,John Williams,30,Female,Project Management,1,1.05,Agile Project Management,Project Management,Free,Beginner,0.0,15.75,4.68,True
TC00043,CR00037,12,John Williams,30,Female,Project Management,1,1.05,Scrum Essentials,Project Management,Free,Intermediate,0.0,33.93,3.45,True
TC00043,CR00038,7,John Williams,30,Female,Project Management,1,1.05,Risk Management,Project Management,Paid,Intermediate,342.61,17.14,4.84,True
TC00043,CR00039,9,John Williams,30,Female,Project Management,1,1.05,Project Planning,Project Management,Paid,Advanced,346.71,3.42,1.23,True
TC00043,CR00040,10,John Williams,30,Female,Project Management,1,1.05,Leadership in Projects,Project Management,Paid,Beginner,327.99,12.13,1.51,True
TC00044,CR00002,1,Barbara Maynard,27,Male,Finance,4,2.61,Java Programming,Programming,Free,Intermediate,0.0,37.7,2.43,False
TC00044,CR00003,3,Barbara Maynard,27,Male,Finance,4,2.61,C++ for Beginners,Programming,Free,Beginner,0.0,19.53,3.85,False
TC00044,CR00005,1,Barbara Maynard,27,Male,Finance,4,2.61,Full Stack Development,Programming,Free,Beginner,0.0,28.68,1.28,False
TC00044,CR00016,1,Barbara Maynard,27,Male,Finance,4,2.61,Digital Marketing,Marketing,Free,Intermediate,0.0,42.68,4.72,False
TC00044,CR00017,2,Barbara Maynard,27,Male,Finance,4,2.61,SEO Mastery,Marketing,Free,Advanced,0.0,29.37,4.79,False
TC00044,CR00018,1,Barbara Maynard,27,Male,Finance,4,2.61,Social Media Marketing,Marketing,Free,Advanced,0.0,15.44,2.01,False
TC00044,CR00019,3,Barbara Maynard,27,Male,Finance,4,2.61,Content Marketing,Marketing,Free,Advanced,0.0,18.0,2.98,False
TC00044,CR00026,2,Barbara Maynard,27,Male,Finance,4,2.61,Intro to Machine Learning,Machine Learning,Free,Intermediate,0.0,47.7,4.73,False
TC00044,CR00028,2,Barbara Maynard,27,Male,Finance,4,2.61,Deep Learning,Machine Learning,Paid,Advanced,0.78,44.96,3.89,False
TC00044,CR00041,8,Barbara Maynard,27,Male,Finance,4,2.61,Financial Accounting,Finance,Paid,Beginner,53.86,47.08,2.47,True
TC00044,CR00042,19,Barbara Maynard,27,Male,Finance,4,2.61,Investment Strategies,Finance,Free,Intermediate,0.0,34.83,4.1,True
TC00044,CR00043,10,Barbara Maynard,27,Male,Finance,4,2.61,Corporate Finance,Finance,Free,Beginner,0.0,31.77,4.14,True
TC00044,CR00044,10,Barbara Maynard,27,Male,Finance,4,2.61,Personal Finance,Finance,Paid,Intermediate,119.04,23.41,2.75,True
TC00044,CR00045,14,Barbara Maynard,27,Male,Finance,4,2.61,Financial Modeling,Finance,Free,Advanced,0.0,6.36,1.59,True
TC00045,CR00001,2,Emily Gutierrez,28,Female,Web Development,5,1.07,Python Basics,Programming,Paid,Beginner,472.28,11.0,4.74,False
TC00045,CR00002,3,Emily Gutierrez,28,Female,Web Development,5,1.07,Java Programming,Programming,Free,Intermediate,0.0,37.7,2.43,False
TC00045,CR00004,1,Emily Gutierrez,28,Female,Web Development,5,1.07,Advanced Python,Programming,Free,Beginner,0.0,45.13,2.88,False
TC00045,CR00005,1,Emily Gutierrez,28,Female,Web Development,5,1.07,Full Stack Development,Programming,Free,Beginner,0.0,28.68,1.28,False
TC00045,CR00016,1,Emily Gutierrez,28,Female,Web Development,5,1.07,Digital Marketing,Marketing,Free,Intermediate,0.0,42.68,4.72,False
TC00045,CR00017,1,Emily Gutierrez,28,Female,Web Development,5,1.07,SEO Mastery,Marketing,Free,Advanced,0.0,29.37,4.79,False
TC00045,CR00018,2,Emily Gutierrez,28,Female,Web Development,5,1.07,Social Media Marketing,Marketing,Free,Advanced,0.0,15.44,2.01,False
TC00045,CR00019,2,Emily Gutierrez,28,Female,Web Development,5,1.07,Content Marketing,Marketing,Free,Advanced,0.0,18.0,2.98,False
TC00045,CR00020,4,Emily Gutierrez,28,Female,Web Development,5,1.07,Email Marketing,Marketing,Free,Intermediate,0.0,46.25,4.11,False
TC00045,CR00026,1,Emily Gutierrez,28,Female,Web Development,5,1.07,Intro to Machine Learning,Machine Learning,Free,Intermediate,0.0,47.7,4.73,False
TC00045,CR00029,1,Emily Gutierrez,28,Female,Web Development,5,1.07,Natural Language Processing,Machine Learning,Free,Beginner,0.0,16.33,1.13,False
TC00045,CR00030,2,Emily Gutierrez,28,Female,Web Development,5,1.07,Reinforcement Learning,Machine Learning,Free,Intermediate,0.0,38.49,1.73,False
TC00045,CR00051,10,Emily Gutierrez,28,Female,Web Development,5,1.07,HTML & CSS,Web Development,Paid,Advanced,37.89,24.11,1.3,True
TC00045,CR00052,6,Emily Gutierrez,28,Female,Web Development,5,1.07,JavaScript Mastery,Web Development,Free,Beginner,0.0,40.76,2.2,True
TC00045,CR00053,11,Emily Gutierrez,28,Female,Web Development,5,1.07,React for Beginners,Web Development,Free,Advanced,0.0,40.07,2.67,True
TC00045,CR00054,2,Emily Gutierrez,28,Female,Web Development,5,1.07,Backend Development with Node.js,Web Development,Free,Beginner,0.0,48.57,3.32,True
TC00045,CR00055,6,Emily Gutierrez,28,Female,Web Development,5,1.07,Full-Stack Web Development,Web Development,Paid,Advanced,57.32,43.95,4.74,True
TC00046,CR00012,1,Brent Walters,33,Male,Cybersecurity,6,3.87,Business Strategy,Business,Paid,Advanced,487.92,36.01,3.64,False
TC00046,CR00013,1,Brent Walters,33,Male,Cybersecurity,6,3.87,Finance for Startups,Business,Free,Advanced,0.0,15.84,2.0,False
TC00046,CR00014,1,Brent Walters,33,Male,Cybersecurity,6,3.87,Sales Mastery,Business,Free,Advanced,0.0,22.29,3.15,False
TC00046,CR00015,1,Brent Walters,33,Male,Cybersecurity,6,3.87,Leadership Essentials,Business,Paid,Beginner,285.05,34.78,1.96,False
TC00046,CR00031,4,Brent Walters,33,Male,Cybersecurity,6,3.87,Network Security,Cybersecurity,Free,Intermediate,0.0,26.52,1.91,True
TC00046,CR00032,8,Brent Walters,33,Male,Cybersecurity,6,3.87,Ethical Hacking,Cybersecurity,Free,Advanced,0.0,16.74,2.38,True
TC00046,CR00033,4,Brent Walters,33,Male,Cybersecurity,6,3.87,Cybersecurity Fundamentals,Cybersecurity,Free,Intermediate,0.0,48.25,3.93,True
TC00046,CR00034,5,Brent Walters,33,Male,Cybersecurity,6,3.87,Data Encryption,Cybersecurity,Paid,Intermediate,394.26,47.44,1.35,True
TC00046,CR00035,6,Brent Walters,33,Male,Cybersecurity,6,3.87,Cyber Threat Intelligence,Cybersecurity,Free,Beginner,0.0,42.59,4.94,True
TC00047,CR00001,1,Brad Griffin,27,Male,Design,4,1.79,Python Basics,Programming,Paid,Beginner,472.28,11.0,4.74,False
TC00047,CR00002,4,Brad Griffin,27,Male,Design,4,1.79,Java Programming,Programming,Free,Intermediate,0.0,37.7,2.43,False
TC00047,CR00003,2,Brad Griffin,27,Male,Design,4,1.79,C++ for Beginners,Programming,Free,Beginner,0.0,19.53,3.85,False
TC00047,CR00006,9,Brad Griffin,27,Male,Design,4,1.79,Graphic Design Basics,Design,Paid,Advanced,276.37,48.84,2.72,True
TC00047,CR00007,8,Brad Griffin,27,Male,Design,4,1.79,UI/UX Design,Design,Free,Advanced,0.0,48.68,2.61,True
TC00047,CR00008,13,Brad Griffin,27,Male,Design,4,1.79,Photoshop Mastery,Design,Free,Advanced,0.0,2.87,1.52,True
TC00047,CR00009,12,Brad Griffin,27,Male,Design,4,1.79,Web Design Fundamentals,Design,Free,Beginner,0.0,48.19,4.51,True
TC00047,CR00010,7,Brad Griffin,27,Male,Design,4,1.79,3D Modeling,Design,Free,Advanced,0.0,15.29,4.45,True
TC00047,CR00016,1,Brad Griffin,27,Male,Design,4,1.79,Digital Marketing,Marketing,Free,Intermediate,0.0,42.68,4.72,False
TC00047,CR00018,1,Brad Griffin,27,Male,Design,4,1.79,Social Media Marketing,Marketing,Free,Advanced,0.0,15.44,2.01,False
TC00047,CR00020,3,Brad Griffin,27,Male,Design,4,1.79,Email Marketing,Marketing,Free,Intermediate,0.0,46.25,4.11,False
TC00047,CR00026,1,Brad Griffin,27,Male,Design,4,1.79,Intro to Machine Learning,Machine Learning,Free,Intermediate,0.0,47.7,4.73,False
TC00047,CR00027,1,Brad Griffin,27,Male,Design,4,1.79,Neural Networks,Machine Learning,Free,Advanced,0.0,9.3,1.81,False
TC00047,CR00028,2,Brad Griffin,27,Male,Design,4,1.79,Deep Learning,Machine Learning,Paid,Advanced,0.78,44.96,3.89,False
TC00048,CR00002,1,Theresa Gonzalez,30,Male,Finance,7,3.18,Java Programming,Programming,Free,Intermediate,0.0,37.7,2.43,False
TC00048,CR00008,1,Theresa Gonzalez,30,Male,Finance,7,3.18,Photoshop Mastery,Design,Free,Advanced,0.0,2.87,1.52,False
TC00048,CR00009,1,Theresa Gonzalez,30,Male,Finance,7,3.18,Web Design Fundamentals,Design,Free,Beginner,0.0,48.19,4.51,False
TC00048,CR00010,2,Theresa Gonzalez,30,Male,Finance,7,3.18,3D Modeling,Design,Free,Advanced,0.0,15.29,4.45,False
TC00048,CR00017,1,Theresa Gonzalez,30,Male,Finance,7,3.18,SEO Mastery,Marketing,Free,Advanced,0.0,29.37,4.79,False
TC00048,CR00018,3,Theresa Gonzalez,30,Male,Finance,7,3.18,Social Media Marketing,Marketing,Free,Advanced,0.0,15.44,2.01,False
TC00048,CR00041,1,Theresa Gonzalez,30,Male,Finance,7,3.18,Financial Accounting,Finance,Paid,Beginner,53.86,47.08,2.47,True
TC00048,CR00042,4,Theresa Gonzalez,30,Male,Finance,7,3.18,Investment Strategies,Finance,Free,Intermediate,0.0,34.83,4.1,True
TC00048,CR00043,10,Theresa Gonzalez,30,Male,Finance,7,3.18,Corporate Finance,Finance,Free,Beginner,0.0,31.77,4.14,True
TC00048,CR00044,2,Theresa Gonzalez,30,Male,Finance,7,3.18,Personal Finance,Finance,Paid,Intermediate,119.04,23.41,2.75,True
TC00048,CR00045,1,Theresa Gonzalez,30,Male,Finance,7,3.18,Financial Modeling,Finance,Free,Advanced,0.0,6.36,1.59,True
TC00048,CR00051,3,Theresa Gonzalez,30,Male,Finance,7,3.18,HTML & CSS,Web Development,Paid,Advanced,37.89,24.11,1.3,False
TC00048,CR00052,1,Theresa Gonzalez,30,Male,Finance,7,3.18,JavaScript Mastery,Web Development,Free,Beginner,0.0,40.76,2.2,False
TC00048,CR00054,1,Theresa Gonzalez,30,Male,Finance,7,3.18,Backend Development with Node.js,Web Development,Free,Beginner,0.0,48.57,3.32,False
TC00048,CR00055,1,Theresa Gonzalez,30,Male,Finance,7,3.18,Full-Stack Web Development,Web Development,Paid,Advanced,57.32,43.95,4.74,False
TC00049,CR00002,1,Valerie Wiley,46,Female,Machine Learning,6,3.46,Java Programming,Programming,Free,Intermediate,0.0,37.7,2.43,False
TC00049,CR00005,1,Valerie Wiley,46,Female,Machine Learning,6,3.46,Full Stack Development,Programming,Free,Beginner,0.0,28.68,1.28,False
TC00049,CR00006,1,Valerie Wiley,46,Female,Machine Learning,6,3.46,Graphic Design Basics,Design,Paid,Advanced,276.37,48.84,2.72,False
TC00049,CR00009,1,Valerie Wiley,46,Female,Machine Learning,6,3.46,Web Design Fundamentals,Design,Free,Beginner,0.0,48.19,4.51,False
TC00049,CR00018,1,Valerie Wiley,46,Female,Machine Learning,6,3.46,Social Media Marketing,Marketing,Free,Advanced,0.0,15.44,2.01,False
TC00049,CR00019,2,Valerie Wiley,46,Female,Machine Learning,6,3.46,Content Marketing,Marketing,Free,Advanced,0.0,18.0,2.98,False
TC00049,CR00020,1,Valerie Wiley,46,Female,Machine Learning,6,3.46,Email Marketing,Marketing,Free,Intermediate,0.0,46.25,4.11,False
TC00049,CR00026,18,Valerie Wiley,46,Female,Machine Learning,6,3.46,Intro to Machine Learning,Machine Learning,Free,Intermediate,0.0,47.7,4.73,True
TC00049,CR00027,18,Valerie Wiley,46,Female,Machine Learning,6,3.46,Neural Networks,Machine Learning,Free,Advanced,0.0,9.3,1.81,True
TC00049,CR00028,17,Valerie Wiley,46,Female,Machine Learning,6,3.46,Deep Learning,Machine Learning,Paid,Advanced,0.78,44.96,3.89,True
TC00049,CR00029,10,Valerie Wiley,46,Female,Machine Learning,6,3.46,Natural Language Processing,Machine Learning,Free,Beginner,0.0,16.33,1.13,True
TC00049,CR00030,15,Valerie Wiley,46,Female,Machine Learning,6,3.46,Reinforcement Learning,Machine Learning,Free,Intermediate,0.0,38.49,1.73,True
TC00049,CR00051,1,Valerie Wiley,46,Female,Machine Learning,6,3.46,HTML & CSS,Web Development,Paid,Advanced,37.89,24.11,1.3,False
TC00049,CR00052,1,Valerie Wiley,46,Female,Machine Learning,6,3.46,JavaScript Mastery,Web Development,Free,Beginner,0.0,40.76,2.2,False
TC00049,CR00054,3,Valerie Wiley,46,Female,Machine Learning,6,3.46,Backend Development with Node.js,Web Development,Free,Beginner,0.0,48.57,3.32,False
TC00049,CR00055,4,Valerie Wiley,46,Female,Machine Learning,6,3.46,Full-Stack Web Development,Web Development,Paid,Advanced,57.32,43.95,4.74,False
TC00050,CR00001,1,Alexander Williams,32,Female,Digital Marketing,3,3.41,Python Basics,Programming,Paid,Beginner,472.28,11.0,4.74,False
TC00050,CR00002,1,Alexander Williams,32,Female,Digital Marketing,3,3.41,Java Programming,Programming,Free,Intermediate,0.0,37.7,2.43,False
TC00050,CR00004,1,Alexander Williams,32,Female,Digital Marketing,3,3.41,Advanced Python,Programming,Free,Beginner,0.0,45.13,2.88,False
TC00050,CR00008,1,Alexander Williams,32,Female,Digital Marketing,3,3.41,Photoshop Mastery,Design,Free,Advanced,0.0,2.87,1.52,False
TC00050,CR00016,1,Alexander Williams,32,Female,Digital Marketing,3,3.41,Digital Marketing,Marketing,Free,Intermediate,0.0,42.68,4.72,False
TC00050,CR00018,2,Alexander Williams,32,Female,Digital Marketing,3,3.41,Social Media Marketing,Marketing,Free,Advanced,0.0,15.44,2.01,False
TC00050,CR00019,1,Alexander Williams,32,Female,Digital Marketing,3,3.41,Content Marketing,Marketing,Free,Advanced,0.0,18.0,2.98,False
TC00050,CR00020,1,Alexander Williams,32,Female,Digital Marketing,3,3.41,Email Marketing,Marketing,Free,Intermediate,0.0,46.25,4.11,False
TC00050,CR00053,1,Alexander Williams,32,Female,Digital Marketing,3,3.41,React for Beginners,Web Development,Free,Advanced,0.0,40.07,2.67,False
TC00050,CR00054,1,Alexander Williams,32,Female,Digital Marketing,3,3.41,Backend Development with Node.js,Web Development,Free,Beginner,0.0,48.57,3.32,False
TC00050,CR00055,2,Alexander Williams,32,Female,Digital Marketing,3,3.41,Full-Stack Web Development,Web Development,Paid,Advanced,57.32,43.95,4.74,False
TC00050,CR00056,1,Alexander Williams,32,Female,Digital Marketing,3,3.41,Google Ads Mastery,Digital Marketing,Paid,Advanced,212.39,22.89,3.15,True
TC00050,CR00057,4,Alexander Williams,32,Female,Digital Marketing,3,3.41,SEO for E-commerce,Digital Marketing,Paid,Advanced,177.34,49.73,3.89,True
TC00050,CR00058,2,Alexander Williams,32,Female,Digital Marketing,3,3.41,Social Media Strategy,Digital Marketing,Free,Beginner,0.0,1.46,4.44,True
TC00050,CR00060,4,Alexander Williams,32,Female,Digital Marketing,3,3.41,Content Creation,Digital Marketing,Free,Beginner,0.0,8.95,2.14,True
TC00051,CR00003,3,John Obrien,36,Female,Design,2,1.77,C++ for Beginners,Programming,Free,Beginner,0.0,19.53,3.85,False
TC00051,CR00004,1,John Obrien,36,Female,Design,2,1.77,Advanced Python,Programming,Free,Beginner,0.0,45.13,2.88,False
TC00051,CR00005,2,John Obrien,36,Female,Design,2,1.77,Full Stack Development,Programming,Free,Beginner,0.0,28.68,1.28,False
TC00051,CR00006,4,John Obrien,36,Female,Design,2,1.77,Graphic Design Basics,Design,Paid,Advanced,276.37,48.84,2.72,True
TC00051,CR00007,8,John Obrien,36,Female,Design,2,1.77,UI/UX Design,Design,Free,Advanced,0.0,48.68,2.61,True
TC00051,CR00008,14,John Obrien,36,Female,Design,2,1.77,Photoshop Mastery,Design,Free,Advanced,0.0,2.87,1.52,True
TC00051,CR00009,8,John Obrien,36,Female,Design,2,1.77,Web Design Fundamentals,Design,Free,Beginner,0.0,48.19,4.51,True
TC00051,CR00010,16,John Obrien,36,Female,Design,2,1.77,3D Modeling,Design,Free,Advanced,0.0,15.29,4.45,True
TC00051,CR00017,1,John Obrien,36,Female,Design,2,1.77,SEO Mastery,Marketing,Free,Advanced,0.0,29.37,4.79,False
TC00051,CR00018,1,John Obrien,36,Female,Design,2,1.77,Social Media Marketing,Marketing,Free,Advanced,0.0,15.44,2.01,False
TC00051,CR00019,1,John Obrien,36,Female,Design,2,1.77,Content Marketing,Marketing,Free,Advanced,0.0,18.0,2.98,False
TC00051,CR00027,2,John Obrien,36,Female,Design,2,1.77,Neural Networks,Machine Learning,Free,Advanced,0.0,9.3,1.81,False
TC00051,CR00028,1,John Obrien,36,Female,Design,2,1.77,Deep Learning,Machine Learning,Paid,Advanced,0.78,44.96,3.89,False
TC00051,CR00030,1,John Obrien,36,Female,Design,2,1.77,Reinforcement Learning,Machine Learning,Free,Intermediate,0.0,38.49,1.73,False
TC00052,CR00002,1,Susan Johnson,34,Female,Business,12,3.43,Java Programming,Programming,Free,Intermediate,0.0,37.7,2.43,False
TC00052,CR00003,1,Susan Johnson,34,Female,Business,12,3.43,C++ for Beginners,Programming,Free,Beginner,0.0,19.53,3.85,False
TC00052,CR00005,2,Susan Johnson,34,Female,Business,12,3.43,Full Stack Development,Programming,Free,Beginner,0.0,28.68,1.28,False
TC00052,CR00006,3,Susan Johnson,34,Female,Business,12,3.43,Graphic Design Basics,Design,Paid,Advanced,276.37,48.84,2.72,False
TC00052,CR00009,1,Susan Johnson,34,Female,Business,12,3.43,Web Design Fundamentals,Design,Free,Beginner,0.0,48.19,4.51,False
TC00052,CR00010,3,Susan Johnson,34,Female,Business,12,3.43,3D Modeling,Design,Free,Advanced,0.0,15.29,4.45,False
TC00052,CR00011,14,Susan Johnson,34,Female,Business,12,3.43,Entrepreneurship 101,Business,Paid,Intermediate,326.02,11.31,2.69,True
TC00052,CR00012,16,Susan Johnson,34,Female,Business,12,3.43,Business Strategy,Business,Paid,Advanced,487.92,36.01,3.64,True
TC00052,CR00013,17,Susan Johnson,34,Female,Business,12,3.43,Finance for Startups,Business,Free,Advanced,0.0,15.84,2.0,True
TC00052,CR00014,17,Susan Johnson,34,Female,Business,12,3.43,Sales Mastery,Business,Free,Advanced,0.0,22.29,3.15,True
TC00052,CR00015,12,Susan Johnson,34,Female,Business,12,3.43,Leadership Essentials,Business,Paid,Beginner,285.05,34.78,1.96,True
TC00052,CR00017,1,Susan Johnson,34,Female,Business,12,3.43,SEO Mastery,Marketing,Free,Advanced,0.0,29.37,4.79,False
TC00052,CR00018,1,Susan Johnson,34,Female,Business,12,3.43,Social Media Marketing,Marketing,Free,Advanced,0.0,15.44,2.01,False
TC00052,CR00019,1,Susan Johnson,34,Female,Business,12,3.43,Content Marketing,Marketing,Free,Advanced,0.0,18.0,2.98,False
TC00052,CR00020,1,Susan Johnson,34,Female,Business,12,3.43,Email Marketing,Marketing,Free,Intermediate,0.0,46.25,4.11,False
TC00052,CR00051,1,Susan Johnson,34,Female,Business,12,3.43,HTML & CSS,Web Development,Paid,Advanced,37.89,24.11,1.3,False
TC00052,CR00053,1,Susan Johnson,34,Female,Business,12,3.43,React for Beginners,Web Development,Free,Advanced,0.0,40.07,2.67,False
TC00052,CR00054,2,Susan Johnson,34,Female,Business,12,3.43,Backend Development with Node.js,Web Development,Free,Beginner,0.0,48.57,3.32,False
TC00052,CR00055,2,Susan Johnson,34,Female,Business,12,3.43,Full-Stack Web Development,Web Development,Paid,Advanced,57.32,43.95,4.74,False
TC00053,CR00011,4,Aaron Kirby,35,Male,Marketing,9,4.29,Entrepreneurship 101,Business,Paid,Intermediate,326.02,11.31,2.69,False
TC00053,CR00012,2,Aaron Kirby,35,Male,Marketing,9,4.29,Business Strategy,Business,Paid,Advanced,487.92,36.01,3.64,False
TC00053,CR00014,2,Aaron Kirby,35,Male,Marketing,9,4.29,Sales Mastery,Business,Free,Advanced,0.0,22.29,3.15,False
TC00053,CR00015,1,Aaron Kirby,35,Male,Marketing,9,4.29,Leadership Essentials,Business,Paid,Beginner,285.05,34.78,1.96,False
TC00053,CR00016,16,Aaron Kirby,35,Male,Marketing,9,4.29,Digital Marketing,Marketing,Free,Intermediate,0.0,42.68,4.72,True
TC00053,CR00017,26,Aaron Kirby,35,Male,Marketing,9,4.29,SEO Mastery,Marketing,Free,Advanced,0.0,29.37,4.79,True
TC00053,CR00018,21,Aaron Kirby,35,Male,Marketing,9,4.29,Social Media Marketing,Marketing,Free,Advanced,0.0,15.44,2.01,True
TC00053,CR00019,25,Aaron Kirby,35,Male,Marketing,9,4.29,Content Marketing,Marketing,Free,Advanced,0.0,18.0,2.98,True
TC00053,CR00020,23,Aaron Kirby,35,Male,Marketing,9,4.29,Email Marketing,Marketing,Free,Intermediate,0.0,46.25,4.11,True
TC00054,CR00012,1,Shelby Patrick,40,Female,Artificial Intelligence,7,4.28,Business Strategy,Business,Paid,Advanced,487.92,36.01,3.64,False
TC00054,CR00013,2,Shelby Patrick,40,Female,Artificial Intelligence,7,4.28,Finance for Startups,Business,Free,Advanced,0.0,15.84,2.0,False
TC00054,CR00014,1,Shelby Patrick,40,Female,Artificial Intelligence,7,4.28,Sales Mastery,Business,Free,Advanced,0.0,22.29,3.15,False
TC00054,CR00015,2,Shelby Patrick,40,Female,Artificial Intelligence,7,4.28,Leadership Essentials,Business,Paid,Beginner,285.05,34.78,1.96,False
TC00054,CR00046,7,Shelby Patrick,40,Female,Artificial Intelligence,7,4.28,AI for Beginners,Artificial Intelligence,Paid,Beginner,248.1,9.4,1.2,True
TC00054,CR00047,5,Shelby Patrick,40,Female,Artificial Intelligence,7,4.28,Natural Language Processing,Artificial Intelligence,Paid,Intermediate,89.59,1.55,2.68,True
TC00054,CR00048,10,Shelby Patrick,40,Female,Artificial Intelligence,7,4.28,AI Ethics,Artificial Intelligence,Free,Beginner,0.0,42.7,3.64,True
TC00054,CR00049,7,Shelby Patrick,40,Female,Artificial Intelligence,7,4.28,Deep Learning,Artificial Intelligence,Paid,Intermediate,415.51,28.33,3.11,True
TC00054,CR00050,11,Shelby Patrick,40,Female,Artificial Intelligence,7,4.28,Computer Vision,Artificial Intelligence,Paid,Beginner,490.9,7.55,4.55,True
TC00055,CR00012,1,Alison Wilson,47,Female,Cybersecurity,12,3.53,Business Strategy,Business,Paid,Advanced,487.92,36.01,3.64,False
TC00055,CR00013,1,Alison Wilson,47,Female,Cybersecurity,12,3.53,Finance for Startups,Business,Free,Advanced,0.0,15.84,2.0,False
TC00055,CR00015,2,Alison Wilson,47,Female,Cybersecurity,12,3.53,Leadership Essentials,Business,Paid,Beginner,285.05,34.78,1.96,False
TC00055,CR00031,8,Alison Wilson,47,Female,Cybersecurity,12,3.53,Network Security,Cybersecurity,Free,Intermediate,0.0,26.52,1.91,True
TC00055,CR00032,8,Alison Wilson,47,Female,Cybersecurity,12,3.53,Ethical Hacking,Cybersecurity,Free,Advanced,0.0,16.74,2.38,True
TC00055,CR00033,5,Alison Wilson,47,Female,Cybersecurity,12,3.53,Cybersecurity Fundamentals,Cybersecurity,Free,Intermediate,0.0,48.25,3.93,True
TC00055,CR00034,8,Alison Wilson,47,Female,Cybersecurity,12,3.53,Data Encryption,Cybersecurity,Paid,Intermediate,394.26,47.44,1.35,True
TC00055,CR00035,4,Alison Wilson,47,Female,Cybersecurity,12,3.53,Cyber Threat Intelligence,Cybersecurity,Free,Beginner,0.0,42.59,4.94,True
TC00056,CR00001,22,Alexis Everett,35,Female,Programming,9,3.95,Python Basics,Programming,Paid,Beginner,472.28,11.0,4.74,True
TC00056,CR00002,24,Alexis Everett,35,Female,Programming,9,3.95,Java Programming,Programming,Free,Intermediate,0.0,37.7,2.43,True
TC00056,CR00003,24,Alexis Everett,35,Female,Programming,9,3.95,C++ for Beginners,Programming,Free,Beginner,0.0,19.53,3.85,True
TC00056,CR00004,25,Alexis Everett,35,Female,Programming,9,3.95,Advanced Python,Programming,Free,Beginner,0.0,45.13,2.88,True
TC00056,CR00005,25,Alexis Everett,35,Female,Programming,9,3.95,Full Stack Development,Programming,Free,Beginner,0.0,28.68,1.28,True
TC00056,CR00012,1,Alexis Everett,35,Female,Programming,9,3.95,Business Strategy,Business,Paid,Advanced,487.92,36.01,3.64,False
TC00056,CR00013,1,Alexis Everett,35,Female,Programming,9,3.95,Finance for Startups,Business,Free,Advanced,0.0,15.84,2.0,False
TC00056,CR00015,1,Alexis Everett,35,Female,Programming,9,3.95,Leadership Essentials,Business,Paid,Beginner,285.05,34.78,1.96,False
TC00057,CR00005,2,Brittany Scott,44,Male,Data Science,7,3.44,Full Stack Development,Programming,Free,Beginner,0.0,28.68,1.28,False
TC00057,CR00006,2,Brittany Scott,44,Male,Data Science,7,3.44,Graphic Design Basics,Design,Paid,Advanced,276.37,48.84,2.72,False
TC00057,CR00007,1,Brittany Scott,44,Male,Data Science,7,3.44,UI/UX Design,Design,Free,Advanced,0.0,48.68,2.61,False
TC00057,CR00008,1,Brittany Scott,44,Male,Data Science,7,3.44,Photoshop Mastery,Design,Free,Advanced,0.0,2.87,1.52,False
TC00057,CR00009,2,Brittany Scott,44,Male,Data Science,7,3.44,Web Design Fundamentals,Design,Free,Beginner,0.0,48.19,4.51,False
TC00057,CR00018,1,Brittany Scott,44,Male,Data Science,7,3.44,Social Media Marketing,Marketing,Free,Advanced,0.0,15.44,2.01,False
TC00057,CR00021,7,Brittany Scott,44,Male,Data Science,7,3.44,Data Analysis with Python,Data Science,Free,Intermediate,0.0,1.2,3.6,True
TC00057,CR00022,4,Brittany Scott,44,Male,Data Science,7,3.44,Data Visualization,Data Science,Free,Beginner,0.0,32.64,3.65,True
TC00057,CR00023,7,Brittany Scott,44,Male,Data Science,7,3.44,Machine Learning Fundamentals,Data Science,Free,Intermediate,0.0,9.71,3.02,True
TC00057,CR00024,4,Brittany Scott,44,Male,Data Science,7,3.44,Big Data Analytics,Data Science,Paid,Advanced,117.68,48.09,2.57,True
TC00057,CR00025,13,Brittany Scott,44,Male,Data Science,7,3.44,Statistical Analysis,Data Science,Paid,Beginner,299.57,48.32,3.74,True
TC00057,CR00051,1,Brittany Scott,44,Male,Data Science,7,3.44,HTML & CSS,Web Development,Paid,Advanced,37.89,24.11,1.3,False
TC00057,CR00052,1,Brittany Scott,44,Male,Data Science,7,3.44,JavaScript Mastery,Web Development,Free,Beginner,0.0,40.76,2.2,False
TC00057,CR00054,1,Brittany Scott,44,Male,Data Science,7,3.44,Backend Development with Node.js,Web Development,Free,Beginner,0.0,48.57,3.32,False
TC00057,CR00055,2,Brittany Scott,44,Male,Data Science,7,3.44,Full-Stack Web Development,Web Development,Paid,Advanced,57.32,43.95,4.74,False
TC00058,CR00011,2,Andrew Anderson,49,Male,Web Development,7,3.71,Entrepreneurship 101,Business,Paid,Intermediate,326.02,11.31,2.69,False
TC00058,CR00012,4,Andrew Anderson,49,Male,Web Development,7,3.71,Business Strategy,Business,Paid,Advanced,487.92,36.01,3.64,False
TC00058,CR00013,1,Andrew Anderson,49,Male,Web Development,7,3.71,Finance for Startups,Business,Free,Advanced,0.0,15.84,2.0,False
TC00058,CR00014,1,Andrew Anderson,49,Male,Web Development,7,3.71,Sales Mastery,Business,Free,Advanced,0.0,22.29,3.15,False
TC00058,CR00015,2,Andrew Anderson,49,Male,Web Development,7,3.71,Leadership Essentials,Business,Paid,Beginner,285.05,34.78,1.96,False
TC00058,CR00051,27,Andrew Anderson,49,Male,Web Development,7,3.71,HTML & CSS,Web Development,Paid,Advanced,37.89,24.11,1.3,True
TC00058,CR00052,28,Andrew Anderson,49,Male,Web Development,7,3.71,JavaScript Mastery,Web Development,Free,Beginner,0.0,40.76,2.2,True
TC00058,CR00053,24,Andrew Anderson,49,Male,Web Development,7,3.71,React for Beginners,Web Development,Free,Advanced,0.0,40.07,2.67,True
TC00058,CR00054,26,Andrew Anderson,49,Male,Web Development,7,3.71,Backend Development with Node.js,Web Development,Free,Beginner,0.0,48.57,3.32,True
TC00058,CR00055,23,Andrew Anderson,49,Male,Web Development,7,3.71,Full-Stack Web Development,Web Development,Paid,Advanced,57.32,43.95,4.74,True
TC00059,CR00011,2,Noah Stewart,48,Female,Cybersecurity,6,3.82,Entrepreneurship 101,Business,Paid,Intermediate,326.02,11.31,2.69,False
TC00059,CR00012,1,Noah Stewart,48,Female,Cybersecurity,6,3.82,Business Strategy,Business,Paid,Advanced,487.92,36.01,3.64,False
TC00059,CR00013,2,Noah Stewart,48,Female,Cybersecurity,6,3.82,Finance for Startups,Business,Free,Advanced,0.0,15.84,2.0,False
TC00059,CR00014,2,Noah Stewart,48,Female,Cybersecurity,6,3.82,Sales Mastery,Business,Free,Advanced,0.0,22.29,3.15,False
TC00059,CR00015,1,Noah Stewart,48,Female,Cybersecurity,6,3.82,Leadership Essentials,Business,Paid,Beginner,285.05,34.78,1.96,False
TC00059,CR00031,7,Noah Stewart,48,Female,Cybersecurity,6,3.82,Network Security,Cybersecurity,Free,Intermediate,0.0,26.52,1.91,True
TC00059,CR00032,5,Noah Stewart,48,Female,Cybersecurity,6,3.82,Ethical Hacking,Cybersecurity,Free,Advanced,0.0,16.74,2.38,True
TC00059,CR00033,6,Noah Stewart,48,Female,Cybersecurity,6,3.82,Cybersecurity Fundamentals,Cybersecurity,Free,Intermediate,0.0,48.25,3.93,True
TC00059,CR00034,9,Noah Stewart,48,Female,Cybersecurity,6,3.82,Data Encryption,Cybersecurity,Paid,Intermediate,394.26,47.44,1.35,True
TC00059,CR00035,12,Noah Stewart,48,Female,Cybersecurity,6,3.82,Cyber Threat Intelligence,Cybersecurity,Free,Beginner,0.0,42.59,4.94,True
TC00060,CR00004,1,Benjamin Gray,48,Female,Project Management,14,3.32,Advanced Python,Programming,Free,Beginner,0.0,45.13,2.88,False
TC00060,CR00005,1,Benjamin Gray,48,Female,Project Management,14,3.32,Full Stack Development,Programming,Free,Beginner,0.0,28.68,1.28,False
TC00060,CR00008,1,Benjamin Gray,48,Female,Project Management,14,3.32,Photoshop Mastery,Design,Free,Advanced,0.0,2.87,1.52,False
TC00060,CR00009,1,Benjamin Gray,48,Female,Project Management,14,3.32,Web Design Fundamentals,Design,Free,Beginner,0.0,48.19,4.51,False
TC00060,CR00010,1,Benjamin Gray,48,Female,Project Management,14,3.32,3D Modeling,Design,Free,Advanced,0.0,15.29,4.45,False
TC00060,CR00018,1,Benjamin Gray,48,Female,Project Management,14,3.32,Social Media Marketing,Marketing,Free,Advanced,0.0,15.44,2.01,False
TC00060,CR00019,1,Benjamin Gray,48,Female,Project Management,14,3.32,Content Marketing,Marketing,Free,Advanced,0.0,18.0,2.98,False
TC00060,CR00036,19,Benjamin Gray,48,Female,Project Management,14,3.32,Agile Project Management,Project Management,Free,Beginner,0.0,15.75,4.68,True
TC00060,CR00037,16,Benjamin Gray,48,Female,Project Management,14,3.32,Scrum Essentials,Project Management,Free,Intermediate,0.0,33.93,3.45,True
TC00060,CR00038,9,Benjamin Gray,48,Female,Project Management,14,3.32,Risk Management,Project Management,Paid,Intermediate,342.61,17.14,4.84,True
TC00060,CR00039,17,Benjamin Gray,48,Female,Project Management,14,3.32,Project Planning,Project Management,Paid,Advanced,346.71,3.42,1.23,True
TC00060,CR00040,20,Benjamin Gray,48,Female,Project Management,14,3.32,Leadership in Projects,Project Management,Paid,Beginner,327.99,12.13,1.51,True
TC00060,CR00052,1,Benjamin Gray,48,Female,Project Management,14,3.32,JavaScript Mastery,Web Development,Free,Beginner,0.0,40.76,2.2,False
TC00060,CR00053,1,Benjamin Gray,48,Female,Project Management,14,3.32,React for Beginners,Web Development,Free,Advanced,0.0,40.07,2.67,False
TC00060,CR00054,2,Benjamin Gray,48,Female,Project Management,14,3.32,Backend Development with Node.js,Web Development,Free,Beginner,0.0,48.57,3.32,False
